date,lithium,nickel,platinum,cobalt,copper
1989-01-01,,,,,
1989-02-01,,,,,
1989-03-01,,,,,
1989-04-01,,,,,
1989-05-01,,,,,
1989-06-01,,,,,
1989-07-01,,,,,
1989-08-01,,,,,
1989-09-01,,,,,
1989-10-01,,,,,
1989-11-01,,,,,
1989-12-01,,,,,
1990-01-01,,,,,
1990-02-01,,,,,
1990-03-01,,,,,
1990-04-01,,,,,
1990-05-01,,,,,
1990-06-01,,,,,
1990-07-01,,,,,
1990-08-01,,,,,
1990-09-01,,,,,
1990-10-01,,,,,
1990-11-01,,,,,
1990-12-01,,,,,
1991-01-01,,,,,
1991-02-01,,,,,
1991-03-01,,,,,
1991-04-01,,,,,
1991-05-01,,,,,
1991-06-01,,,,,
1991-07-01,,,,,
1991-08-01,,,,,
1991-09-01,,,,,
1991-10-01,,,,,
1991-11-01,,,,,
1991-12-01,,,,,
1992-01-01,,7531.13671875,341.1869565217391,30920.0019836426,2150.57962901611
1992-02-01,,7888.0,362.1225,28250.0,2208.89225860596
1992-03-01,,7430.455078125,356.9386363636364,28330.0018310547,2231.78550956421
1992-04-01,,7417.951171875,347.3,27020.0004577637,2214.16681599274
1992-05-01,,7333.947265625,358.5880952380952,26500.0,2219.31505581207
1992-06-01,,7202.36328125,369.1272727272727,24750.0,2296.44193858643
1992-07-01,,7516.173828125,383.1217391304348,21669.9981689453,2527.28502240143
1992-08-01,,7279.75,359.552380952381,19630.0010681152,2513.46998458252
1992-09-01,,6918.572265625,362.1431818181818,18781.25,2419.61418178101
1992-10-01,,6322.5,358.0681818181818,15350.0022888184,2262.45696237183
1992-11-01,,5593.71484375,356.1095238095238,16312.5,2161.78909368286
1992-12-01,,5751.1904296875,361.9717391304348,15875.0,2211.95028749237
1993-01-01,,5948.10009765625,359.1357142857143,15505.0001144409,2264.21397077332
1993-02-01,,6050.75,359.0175,15958.3330154419,2212.18139313507
1993-03-01,,5974.9130859375,350.4586956521739,16125.0,2152.38020099945
1993-04-01,,5987.5,368.0113636363636,15274.9996185303,1953.62060192108
1993-05-01,,5777.78955078125,385.1595238095238,14800.0001907349,1799.35169844818
1993-06-01,,5544.318359375,383.0159090909091,13687.5,1857.87070840454
1993-07-01,,5051.181640625,403.6454545454545,12875.0,1927.33981992645
1993-08-01,,4740.47607421875,391.9018181818182,12175.0001907349,1951.07137548676
1993-09-01,,4376.04541015625,362.4613636363636,12333.3330154419,1858.24999750519
1993-10-01,,4464.85693359375,367.9071428571429,12216.6662216187,1646.99992897491
1993-11-01,,4642.27294921875,374.4136363636364,11649.9996185303,1632.56810484467
1993-12-01,,5139.7998046875,383.1717391304348,13399.9996185303,1723.6250736618
1994-01-01,,5584.0478515625,387.8,20750.0,1807.07136699066
1994-02-01,,5830.10009765625,394.0225,21166.6660308838,1865.07501472778
1994-03-01,,5590.4345703125,400.2826086956522,24416.6660308838,1913.17391866455
1994-04-01,,5400.26318359375,397.902380952381,24875.0,1881.36846713562
1994-05-01,,6082.85693359375,398.0068181818182,23562.5,2144.50007046051
1994-06-01,,6287.04541015625,401.0909090909091,24375.0,2363.09102303009
1994-07-01,,6230.5712890625,411.9509523809524,23524.9996185303,2447.23803404999
1994-08-01,,5856.13623046875,412.1869565217391,22437.5,2409.74997397766
1994-09-01,,6370.681640625,417.2840909090909,25500.0,2504.84103139343
1994-10-01,,6735.85693359375,419.3952380952381,27333.3339691162,2546.02375416412
1994-11-01,,7474.54541015625,412.3727272727273,26687.5,2803.54541098175
1994-12-01,,8540.650390625,410.8477272727273,29250.0,2980.69999645081
1995-01-01,,9596.1904296875,413.8954545454545,30375.0,3003.26189506836
1995-02-01,,8431.25,413.9675,30000.0,2870.45015814514
1995-03-01,,7522.39111328125,416.8934782608696,28437.5,2919.67397804871
1995-04-01,,7405.0,448.29,27937.5,2894.88882296448
1995-05-01,,7262.380859375,437.3521739130435,29000.0,2771.57125569763
1995-06-01,,7877.27294921875,438.5295454545455,27850.0003814697,2987.68194348755
1995-07-01,,8618.0,433.6309523809524,27399.9996185303,3076.4500581665
1995-08-01,,8931.818359375,425.3434782608696,28812.5,3040.13619641418
1995-09-01,,8397.25,429.65,29045.0000762939,2910.42504276428
1995-10-01,,8068.86376953125,412.6636363636364,29187.5,2810.06817431793
1995-11-01,,8498.095703125,413.125,30875.0,2981.61903664856
1995-12-01,,8074.21044921875,408.7142857142857,31674.9992370605,2918.21064537659
1996-01-01,,7870.71435546875,415.4826086956522,31750.0,2604.99992943115
1996-02-01,,8198.5,420.2071428571429,31125.0,2544.66672335968
1996-03-01,,8046.39990234375,411.1928571428571,29350.0003814697,2563.34994940033
1996-04-01,,8047.0,404.3931818181818,28375.0,2594.17496803894
1996-05-01,,8042.85693359375,401.4152173913043,28500.0,2658.76193080902
1996-06-01,,7713.15771484375,392.2475,26062.5,2177.59998270721
1996-07-01,,7202.60888671875,393.6565217391304,22687.5,1983.93479971771
1996-08-01,,7037.619140625,400.0304545454545,21399.9996185303,2017.85720584564
1996-09-01,,7329.8095703125,389.8642857142857,22149.9996185303,1935.07143060913
1996-10-01,,7028.69580078125,384.1847826086957,21887.5007629395,1960.19567519531
1996-11-01,,6960.71435546875,381.9809523809524,21399.9996185303,2215.42864607391
1996-12-01,,6571.0478515625,370.7045454545455,21399.9996185303,2264.59527826385
1997-01-01,,7069.13623046875,360.0978260869565,21687.5,2427.27279402924
1997-02-01,,7736.5791015625,365.0125,21687.5,2406.63156159363
1997-03-01,,7893.21044921875,378.9047619047619,19924.9992370605,2420.1842087265
1997-04-01,,7313.13623046875,371.0795454545455,22468.75,2389.31814949341
1997-05-01,,7476.0,387.5,25375.0,2513.29993523407
1997-06-01,,7060.0,430.7619047619048,23406.25,2611.28570015411
1997-07-01,,6832.7392578125,415.5217391304348,22562.5,2449.19570404663
1997-08-01,,6764.4501953125,424.547619047619,23475.0003814697,2250.10004305115
1997-09-01,,6498.28564453125,424.7272727272727,24524.9996185303,2104.30955452118
1997-10-01,,6373.47802734375,423.1195652173913,23770.0004577637,2050.6955684021
1997-11-01,,6137.25,392.2875,25412.5003814697,1918.49994499359
1997-12-01,,5942.380859375,365.4239130434783,25649.9996185303,1761.45239143524
1998-01-01,,5489.0,373.8568181818182,24995.0008392334,1687.60000986328
1998-02-01,,5367.25,386.08,24668.7507629395,1663.99998604431
1998-03-01,,5397.04541015625,398.9886363636364,24958.3339691162,1747.15916341095
1998-04-01,,5391.0,413.75,24625.0,1800.12507817535
1998-05-01,,5016.84228515625,388.9047619047619,24500.0,1731.65792903595
1998-06-01,,4456.90478515625,355.4318181818182,24250.0,1656.59518632507
1998-07-01,,4332.619140625,378.4347826086957,22819.9996948242,1655.66672697449
1998-08-01,,4078.0,369.1785714285714,21787.5003814697,1619.92507875671
1998-09-01,,4100.9091796875,361.1477272727273,20837.4996185303,1646.77269191284
1998-10-01,,3870.45458984375,342.6022727272727,17750.0,1585.49992534637
1998-11-01,,4117.25,347.1785714285714,15437.5,1573.72497511139
1998-12-01,,3865.76318359375,351.7934782608696,11468.75,1475.76309447174
1999-01-01,,4264.0,355.1071428571429,10937.5,1432.00002842255
1999-02-01,,4623.25,364.075,18083.3333333333,1412.95
1999-03-01,,5002.95454545455,369.9347826086957,18525.0,1378.47727272727
1999-04-01,,5054.75,357.1454545454545,16350.0,1463.725
1999-05-01,,5395.78947368421,356.0119047619048,16112.5,1510.44736842105
1999-06-01,,5194.77272727273,356.7840909090909,20581.25,1422.15909090909
1999-07-01,,5696.36363636364,349.0568181818182,20100.0,1639.18181818182
1999-08-01,,6431.42857142857,350.0568181818182,19000.0,1646.7380952381
1999-09-01,,7029.09090909091,370.9318181818182,18350.0,1749.68181818182
1999-10-01,,7317.61904761905,421.1428571428571,15666.6666666667,1723.28571428571
1999-11-01,,7946.81818181818,434.0227272727273,14000.0,1726.77272727273
1999-12-01,,8073.23529411765,439.1304347826087,14200.0,1764.88235294118
2000-01-01,,8315.25,441.0,14437.5,1843.85
2000-02-01,,9583.75,519.7142857142857,14093.75,1807.025
2000-03-01,,10255.4,479.3260869565217,15225.0,1739.8
2000-04-01,,9746.5,497.55,16218.75,1681.9075
2000-05-01,,10122.9130434783,525.8913043478261,16543.4782608696,1785.09782608696
2000-06-01,,8384.31818181818,559.7272727272727,14977.2727272727,1752.07272727273
2000-07-01,,8174.80952380952,560.2857142857143,13071.4285714286,1803.14285714286
2000-08-01,,8038.4347826087,577.6086956521739,13934.7826086957,1857.12391304348
2000-09-01,,8624.80952380952,591.9047619047619,15029.7619047619,1961.89285714286
2000-10-01,,7650.63636363636,579.7159090909091,16681.8181818182,1894.37272727273
2000-11-01,,7350.59090909091,593.3409090909091,16000.0,1795.60227272727
2000-12-01,,7318.8,609.5,16000.0,1852.4
2001-01-01,,6975.90909090909,620.4660869565217,13500.0,1787.05681818182
2001-02-01,,6546.8,600.925,13900.0,1766.125
2001-03-01,,6165.18181818182,584.2272727272727,14272.7272727273,1742.15909090909
2001-04-01,,6363.11111111111,594.8571428571429,14119.0476190476,1665.97222222222
2001-05-01,,7086.47619047619,610.695652173913,10908.6956521739,1684.85
2001-06-01,,6674.33333333333,579.7209523809524,10814.2857142857,1610.46904761905
2001-07-01,,5962.54545454546,530.8409090909091,10293.1818181818,1526.77045454545
2001-08-01,,5525.63636363636,451.695652173913,9681.52173913044,1466.41136363636
2001-09-01,,5057.65,457.9,9312.5,1427.69736842105
2001-10-01,,4830.78260869565,431.3913043478261,8250.0,1377.37608695652
2001-11-01,,5131.31818181818,429.8863636363636,8250.0,1434.29318181818
2001-12-01,,5315.82352941176,461.7261904761905,7592.85714285714,1472.84705882353
2002-01-01,,6061.36363636364,472.1086956521739,6950.0,1508.22727272727
2002-02-01,,6039.95,471.15,6950.0,1561.3675
2002-03-01,,6543.2,512.047619047619,6765.47619047619,1607.3925
2002-04-01,,6956.80952380952,539.2045454545455,6625.0,1588.57142857143
2002-05-01,,6771.18181818182,533.85,6684.78260869565,1597.02272727273
2002-06-01,,7147.61111111111,554.7,6706.25,1650.59444444444
2002-07-01,,7137.69565217391,526.195652173913,6788.04347826087,1588.2847826087
2002-08-01,,6736.85714285714,544.8409090909091,6613.63636363636,1482.91666666667
2002-09-01,,6664.95238095238,556.3333333333333,6685.71428571429,1478.93333333333
2002-10-01,,6818.91304347826,580.195652173913,6188.04347826087,1486.17173913043
2002-11-01,,7314.80952380952,588.0952380952381,6185.71428571429,1581.03571428571
2002-12-01,,7206.33333333333,595.4431818181818,6551.13636363636,1592.96428571429
2003-01-01,,8032.806818181818,627.9130434782609,13724.79941847259,1650.311363636364
2003-02-01,,8607.9,681.7,14426.48275862072,1682.145
2003-03-01,,8339.619047619048,674.3333333333333,16688.6440762303,1655.692857142857
2003-04-01,,7930.525,624.9090909090909,16924.45673031254,1587.8675
2003-05-01,,8347.725,650.365,17937.8873373231,1651.1
2003-06-01,,8839.02380952381,661.6666666666667,19538.03055182364,1685.107142857143
2003-07-01,,8831.7,681.5217391304348,19581.4002089864,1712.826086956522
2003-08-01,,9359.875,692.1904761904761,19234.4429516843,1756.725
2003-09-01,,9995.772727272728,705.25,18828.77894936826,1789.670454545455
2003-10-01,,11040.28260869565,732.4782608695652,19552.09740584253,1925.582608695652
2003-11-01,,12052.375,760.375,25581.50553814,2053.275
2003-12-01,,14185.20952380952,807.8695652173913,34005.50706464947,2202.035714285714
2004-01-01,,15089.33333333333,849.9318181818182,49222.58953168045,2421.47619047619
2004-02-01,,15099.35,846.325,49818.7251828631,2751.7175
2004-03-01,,13786.54347826087,899.7608695652174,50171.15078824217,3000.282608695652
2004-04-01,,12725.9,880.6363636363636,48601.61489503182,2926.975
2004-05-01,,11228.60526315789,809.8333333333333,46839.22973578146,2728.460526315789
2004-06-01,,13599.36363636364,807.5454545454545,46214.58839175455,2689.045454545455
2004-07-01,,15020.06818181818,809.5227272727273,45381.65441246316,2816.795454545455
2004-08-01,,13639.61904761905,848.6818181818182,43829.21782084165,2844.202380952381
2004-09-01,,13430.36363636364,847.8863636363636,42959.85332953358,2903.170454545455
2004-10-01,,14378.47619047619,841.4285714285714,40463.89013285568,3009.404761904762
2004-11-01,,14089.51227272727,854.4090909090909,31063.63522371045,3130.309090909091
2004-12-01,,13764.97619047619,848.2391304347826,32403.3565035664,3139.785714285714
2005-01-01,,14563.75,859.0714285714286,34645.41692789969,3168.1
2005-02-01,,15415.6,864.325,33487.83740856842,3247.1
2005-03-01,,16239.90476190476,866.8260869565217,30406.80605151969,3378.904761904762
2005-04-01,,16138.33333333333,864.8571428571429,32460.4536000398,3389.809523809524
2005-05-01,,17002.25,866.2272727272727,29070.72062315948,3241.9
2005-06-01,,16113.18181818182,880.0909090909091,26714.32886862356,3529.727272727273
2005-07-01,,14587.59523809524,873.6666666666667,25135.31850524957,3608.47619047619
2005-08-01,,14962.0,898.4347826086957,29046.20562446048,3791.909090909091
2005-09-01,,14154.54545454545,914.6363636363636,29206.50707704,3850.659090909091
2005-10-01,,12431.11904761905,931.0,25262.82529730807,4056.166666666667
2005-11-01,,12235.04545454545,962.6136363636364,25066.67616604921,4278.159090909091
2005-12-01,,13490.45,976.5909090909092,26867.5026123302,4577.025
2006-01-01,,14660.80952380952,1026.045454545455,25742.29657072292,4743.857142857143
2006-02-01,,14974.5,1041.5,23816.44723093,4974.975
2006-03-01,,14925.47826086957,1041.086956521739,25487.89496161008,5123.673913043478
2006-04-01,,18028.88888888889,1098.75,28037.83281086733,6404.444444444444
2006-05-01,,21131.33333333333,1260.826086956522,28344.52228431243,8059.190476190476
2006-06-01,,20585.90909090909,1188.545454545455,26557.01529400588,7222.772727272727
2006-07-01,,26185.71428571429,1228.833333333333,26079.90963825447,7726.738095238095
2006-08-01,,30468.86363636364,1233.521739130435,31604.26114215622,7690.25
2006-09-01,,29702.61904761905,1183.595238095238,35804.25416728862,7622.642857142857
2006-10-01,,32551.13636363636,1082.454545454545,34671.08387954783,7497.409090909091
2006-11-01,,31891.59090909091,1183.0,35271.3593616415,7029.295454545455
2006-12-01,,34400.52631578947,1121.190476190476,52650.76379559133,6680.973684210526
2007-01-01,,36821.59090909091,1146.652173913043,47696.25187406296,5689.340909090909
2007-02-01,,41078.25,1204.55,48680.27168234065,5718.15
2007-03-01,,46125.22727272727,1218.772727272727,55929.11560748545,6465.295454545455
2007-04-01,,49956.57894736842,1275.809523809524,57833.43782654124,7753.342105263158
2007-05-01,,51783.33333333333,1300.652173913043,54685.36640770517,7677.952380952381
2007-06-01,,41551.66666666667,1286.238095238095,52152.01273821962,7514.238095238095
2007-07-01,,33400.22727272727,1303.022727272727,49984.31841930273,7980.931818181818
2007-08-01,,27649.63636363636,1263.608695652174,46381.58557085091,7500.204545454545
2007-09-01,,29548.4,1307.65,52218.5851619645,7671.35
2007-10-01,,31156.0,1410.695652173913,54467.57530325743,8020.586956521739
2007-11-01,,30505.63636363636,1448.727272727273,59468.67103638259,6957.431818181818
2007-12-01,,26053.55555555556,1492.904761904762,72600.80609046132,6630.736111111111
2008-01-01,,27774.77272727273,1583.304347826087,83037.80836854283,7078.909090909091
2008-02-01,,28064.95238095238,1999.666666666667,91011.22555605305,7941.142857142857
2008-03-01,,31093.05263157895,2025.190476190476,95022.91884360838,8434.315789473683
2008-04-01,,28776.81818181818,1988.409090909091,92483.822551534,8714.181818181818
2008-05-01,,25656.5,2052.454545454545,88923.56796808192,8356.125
2008-06-01,,22562.57142857143,2039.238095238095,84657.57078170871,8292.0
2008-07-01,,20106.95652173913,1904.434782608696,74009.37712961705,8407.021739130436
2008-08-01,,19111.8,1485.547619047619,50482.28093745333,7633.8
2008-09-01,,17781.86363636364,1223.181818181818,58288.81922675023,6975.113636363636
2008-10-01,,12144.86956521739,912.5652173913044,62763.4364635863,4894.891304347826
2008-11-01,,10776.5,840.3,41394.16927899687,3729.1875
2008-12-01,,9846.928571428572,839.695652173913,27996.05651719594,3105.095238095238
2009-01-01,,11562.95238095238,947.4090909090908,30717.54535955163,3260.357142857143
2009-02-01,,10410.75,1033.25,30601.63009404391,3328.4125
2009-03-01,,9710.727272727272,1081.772727272727,26494.91783034102,3770.875
2009-04-01,,11331.6,1165.454545454545,29165.10876793005,4436.925
2009-05-01,,12720.07894736842,1128.666666666667,29794.95447081653,4591.460526315789
2009-06-01,,14944.36363636364,1217.863636363636,27447.07893986892,5015.431818181818
2009-07-01,,16017.39130434783,1162.260869565217,31916.29639725593,5228.413043478261
2009-08-01,,19375.925,1244.571428571429,35064.367816092,6176.875
2009-09-01,,17404.63636363636,1288.704545454545,35726.74076185047,6195.75
2009-10-01,,18489.47727272727,1332.772727272727,32312.20822646528,6305.988636363636
2009-11-01,,16911.33333333333,1400.619047619048,37960.59352142108,6682.440476190476
2009-12-01,,17121.61904761905,1437.478260869565,37856.0537912862,6976.97619047619
2010-01-01,,18405.55,1557.904761904762,40702.42324725084,7367.375
2010-02-01,,19060.55,1520.35,41508.01462904912,6867.675
2010-03-01,,22467.17391304348,1599.434782608696,37414.13584117035,7466.934782608696
2010-04-01,,26028.5,1710.5,42039.98290111145,7729.8375
2010-05-01,,21930.0,1624.857142857143,40474.34561128526,6843.157894736842
2010-06-01,,19411.29545454545,1553.227272727273,38947.72727272727,6501.5
2010-07-01,,19548.52272727273,1525.590909090909,38062.5,6750.568181818182
2010-08-01,,21448.78571428571,1540.590909090909,38464.7619047619,7302.666666666667
2010-09-01,,22690.13636363636,1591.75,41186.36363636364,7729.590909090909
2010-10-01,,23793.67857142857,1688.690476190476,38897.61904761905,8289.761904761905
2010-11-01,,22836.22727272727,1692.772727272727,37104.77272727273,8458.420454545456
2010-12-01,,24099.57142857143,1711.391304347826,37616.66666666667,9152.857142857143
2011-01-01,,25621.225,1785.428571428571,39212.5,9533.2
2011-02-01,,28412.175,1825.9,39777.75,9880.9375
2011-03-01,,26710.34782608696,1770.173913043478,38264.13043478261,9503.358695652174
2011-04-01,,26332.16666666667,1797.904761904762,37023.61111111111,9482.75
2011-05-01,,24164.55,1786.545454545455,38157.5,8931.675
2011-06-01,,22420.93181818182,1768.5,36019.31818181818,9066.852272727272
2011-07-01,,23847.95238095238,1759.761904761905,35113.09523809524,9650.464285714286
2011-08-01,,21864.68181818182,1804.695652173913,35931.36363636364,8997.988636363636
2011-09-01,,20377.59090909091,1748.113636363636,34529.54545454545,8300.136363636364
2011-10-01,,19039.04761904762,1535.190476190476,30607.19047619048,7394.190476190476
2011-11-01,,17873.0,1596.977272727273,28690.90909090909,7581.022727272727
2011-12-01,,18246.0375,1454.590909090909,30808.75,7558.875
2012-01-01,,19908.61904761905,1499.318181818182,33006.66666666667,8061.916666666667
2012-02-01,,20393.66666666667,1657.761904761905,31772.61904761905,8441.488095238095
2012-03-01,,18660.80681818182,1655.409090909091,31142.72727272727,8470.784090909092
2012-04-01,,17892.81578947368,1585.809523809524,30795.65789473684,8285.526315789473
2012-05-01,,16968.31818181818,1470.695652173913,30516.81818181818,7896.909090909091
2012-06-01,63643.21697331381,16603.68421052632,1443.857142857143,28831.90789473684,7428.289473684211
2012-07-01,63568.83181793182,16128.40909090909,1425.818181818182,28394.07954545455,7584.261363636364
2012-08-01,63682.97770550009,15703.98863636364,1453.260869565217,29050.36363636364,7510.431818181818
2012-09-01,64069.57020512695,17287.9625,1623.65,29221.25,8087.7425
2012-10-01,64650.80208309504,17168.73913043478,1635.826086956522,26896.73913043478,8062.032608695652
2012-11-01,64970.67068237064,16335.36363636364,1576.363636363636,23563.40909090909,7711.227272727273
2012-12-01,64966.88593049752,17448.5,1579.904761904762,23976.0,7966.486842105263
2013-01-01,65091.61180381326,17494.06818181818,1638.891304347826,25518.09090909091,8053.738636363636
2013-02-01,64976.62540666475,17690.1,1674.55,25441.325,8060.925
2013-03-01,65155.51269425376,16731.7,1582.952380952381,25316.975,7652.375
2013-04-01,65464.67141115809,15629.30952380952,1493.068181818182,26209.45238095238,7221.161904761905
2013-05-01,65950.2012685351,14948.22619047619,1475.173913043478,27984.38095238095,7248.714285714286
2013-06-01,66020.6709760695,14280.275,1430.225,30047.5375,7000.2375
2013-07-01,66023.44333103017,13750.3152173913,1401.478260869565,29290.04347826087,6906.641304347826
2013-08-01,66157.08673385964,14308.2619047619,1496.090909090909,26803.42857142857,7186.25
2013-09-01,66172.35332436905,13801.39285714286,1456.857142857143,28680.42857142857,7159.269047619048
2013-10-01,66349.80294230478,14117.65217391304,1413.478260869565,27037.95652173913,7203.021739130435
2013-11-01,66467.28749175138,13684.0119047619,1420.095238095238,26172.47619047619,7070.654761904762
2013-12-01,66673.81818459182,13924.55,1355.0,26587.775,7214.9
2014-01-01,66925.97396344891,14101.25,1420.304347826087,28134.56818181818,7291.465909090909
2014-02-01,66601.1971131601,14203.55,1410.5,31081.85,7149.2125
2014-03-01,65609.67415863957,15678.09523809524,1451.619047619048,30699.42857142857,6650.035714285714
2014-04-01,62763.45206152614,17373.6,1432.0,29771.85,6673.5625
2014-05-01,62513.26777269941,19401.075,1456.204545454545,29993.225,6891.125
2014-06-01,62586.78725218371,18628.80952380952,1452.761904761905,30458.59523809524,6821.142857142857
2014-07-01,62910.21247075713,19117.65217391304,1492.652173913043,31697.19565217391,7113.380434782609
2014-08-01,63367.33947414548,18600.2,1446.333333333333,32341.5565,7001.8375
2014-09-01,63527.23188765873,18034.79545454545,1362.363636363636,32350.73863636364,6872.215909090909
2014-10-01,63666.21034636748,15812.36956521739,1259.760869565217,31142.42391304348,6737.478260869565
2014-11-01,63660.2571965017,15807.05,1208.85,30752.1375,6712.85
2014-12-01,62990.88620867148,15962.04761904762,1212.347826086957,30945.21428571429,6446.452380952381
2015-01-01,62721.332383483,14849.19047619048,1241.772727272727,30749.47619047619,5830.535714285714
2015-02-01,62376.58007806205,14573.8375,1197.6,29155.375,5729.275
2015-03-01,62504.8522794935,13755.5,1138.636363636364,27568.78409090909,5939.670454545455
2015-04-01,62879.05216442636,12830.925,1150.454545454545,28827.275,6042.0875
2015-05-01,62865.928170524,13511.34210526316,1139.809523809524,30066.57894736842,6294.776315789474
2015-06-01,65774.04402044808,12825.22727272727,1088.772727272727,30650.38636363636,5833.011363636364
2015-07-01,66036.930135774,11413.09782608696,1012.434782608696,31579.86956521739,5456.75
2015-08-01,64690.82054201086,10386.0,984.095238095238,29243.95,5127.3
2015-09-01,64377.953626147,9937.545454545456,965.3636363636364,27714.30681818182,5217.25
2015-10-01,66928.62550855718,10316.82954545455,976.9090909090908,27499.04545454545,5216.090909090909
2015-11-01,69058.99003943695,9244.333333333332,883.5238095238095,24413.70238095238,4799.904761904762
2015-12-01,72882.47516935048,8707.785714285714,859.9130434782609,23951.17857142857,4638.833333333333
2016-01-01,72300.73827338257,8507.2875,854.7619047619048,23134.6,4471.7875
2016-02-01,72545.63401810687,8298.5,920.2380952380952,22275.88095238095,4598.619047619048
2016-03-01,78006.30430669061,8717.25,967.4347826086956,22982.52380952381,4953.797619047619
2016-04-01,81775.70621802637,8878.857142857143,994.1904761904761,23000.5,4872.738095238095
2016-05-01,103004.9361784896,8660.35,1032.863636363636,23413.625,4694.5375
2016-06-01,106175.680628503,8928.352272727274,984.1363636363636,23692.72727272727,4641.965909090909
2016-07-01,104821.5470943987,10262.85714285714,1086.47619047619,25085.52380952381,4864.904761904762
2016-08-01,105275.5106989647,10335.98863636364,1121.739130434783,26296.59090909091,4751.670454545455
2016-09-01,104905.3343891721,10191.78409090909,1045.954545454545,26625.0,4722.204545454545
2016-10-01,111785.5400678893,10259.7380952381,959.1428571428572,28205.66666666667,4731.261904761905
2016-11-01,116946.2363305109,11128.90909090909,953.2727272727273,29258.40909090909,5450.931818181818
2016-12-01,115548.9336889213,10972.275,917.5,31589.375,5660.35
2017-01-01,116016.211055313,9971.464285714286,968.4090909090908,34720.38095238095,5754.559523809524
2017-02-01,116384.7304306754,10643.3,1007.35,43005.0,5940.9125
2017-03-01,115996.7948326595,10204.66304347826,962.2608695652174,52765.21739130435,5824.630434782609
2017-04-01,116089.7759779202,9609.277777777777,961.4,55305.55555555556,5683.902777777778
2017-05-01,116156.845178383,9155.119047619048,931.7826086956522,54941.94047619048,5599.559523809524
2017-06-01,117521.6780900759,8931.761363636364,930.7272727272727,57449.45454545455,5719.761363636364
2017-07-01,118117.0270504819,9491.392857142857,918.3809523809524,58548.90476190476,5985.119047619048
2017-08-01,119918.1825591873,10889.97727272727,972.4782608695652,58465.13636363636,6485.625
2017-09-01,121812.6703788118,11215.78571428571,966.1428571428572,60128.5,6577.166666666667
2017-10-01,123644.6015980743,11335.77272727273,921.0,59905.86363636364,6807.602272727273
2017-11-01,132143.8435163116,11972.0,934.0,62118.04545454545,6826.545454545455
2017-12-01,138042.4449578921,11495.10526315789,906.8571428571428,72632.05263157895,6833.894736842105
2018-01-01,141477.9736157397,12864.875,987.891304347826,77293.52272727274,7065.852272727273
2018-02-01,143975.769873261,13595.875,988.25,80792.6,7006.525
2018-03-01,143979.278202447,13392.5,953.7272727272727,87614.90476190476,6799.178571428571
2018-04-01,144462.5660482278,13938.1,924.095238095238,90782.5,6851.5125
2018-05-01,143941.6006324498,14366.4880952381,904.304347826087,90250.0,6825.27380952381
2018-06-01,144682.2120577029,15105.65476190476,884.9047619047619,81188.09523809524,6965.857142857143
2018-07-01,136396.4919756645,13793.86363636364,832.1136363636364,70647.72727272726,6250.75
2018-08-01,131186.0037557343,13411.35227272727,804.5869565217391,63302.29545454545,6051.045454545455
2018-09-01,128398.3391524536,12510.35,803.975,62210.325,6050.7625
2018-10-01,124993.6411995054,12314.91304347826,829.8695652173913,60626.78260869565,6219.586956521739
2018-11-01,120330.2824370434,11239.71590909091,846.1363636363636,54962.93181818182,6195.920454545455
2018-12-01,119539.9373180435,10835.07894736842,790.9047619047619,55263.15789473684,6075.315789473684
2019-01-01,117410.3413847597,11523.09090909091,806.2173913043478,40704.54545454545,5939.102272727273
2019-02-01,117155.2072497673,12685.225,817.9473684210526,32100.0,6300.4875
2019-03-01,116143.3212919558,13026.27380952381,842.8095238095239,31333.33333333333,6439.464285714286
2019-04-01,112608.0442018642,12772.7875,886.6363636363636,33500.0,6438.3625
2019-05-01,108327.7889676546,12016.30952380952,831.8260869565217,34166.66666666667,6017.904761904762
2019-06-01,105147.6575770884,11943.9375,808.2,28809.0,5882.225
2019-07-01,98557.47690484308,13546.30434782609,843.6086956521739,27340.32608695652,5941.195652173913
2019-08-01,92297.52448187856,15748.64285714286,858.7727272727273,30136.57142857143,5709.440476190476
2019-09-01,90613.0381339729,17656.88095238095,943.904761904762,35720.42857142857,5759.25
2019-10-01,89768.31076106695,17046.21739130435,897.2608695652174,35263.08695652174,5757.297826086957
2019-11-01,85586.30509997181,15171.80952380952,901.2380952380952,35510.16666666667,5859.952380952381
2019-12-01,83369.60877103482,13829.425,925.2272727272727,33547.4625,6077.0625
2020-01-01,84515.02925086957,13506.86363636364,986.6521739130436,32213.02272727273,6031.209090909091
2020-02-01,84090.140102,12715.55,961.1,33542.075,5687.75
2020-03-01,84763.64251363635,11846.22727272727,759.0,31119.04545454545,5182.631818181818
2020-04-01,80179.88385136364,11804.0095,752.5454545454545,29565.0,5057.972
2020-05-01,76716.06809857143,12179.60526315789,793.7142857142857,29562.59210526316,5239.826315789474
2020-06-01,72682.34472545455,12727.15227272727,820.7727272727273,29074.34090909091,5754.595454545455
2020-07-01,67930.88594652174,13402.30391304348,862.1739130434783,28517.02173913043,6372.460869565217
2020-08-01,68554.15717047619,14575.78285714286,940.2380952380952,32914.88095238095,6508.392857142857
2020-09-01,69236.40839954546,14857.48863636364,907.1818181818182,33482.10227272727,6704.9
2020-10-01,69367.46173454545,15239.36363636364,876.2727272727273,33227.875,6713.811363636364
2020-11-01,70408.86870095239,15807.73333333333,913.7619047619048,32238.88095238095,7068.907142857143
2020-12-01,71683.13575304348,16823.03857142857,1025.521739130435,31882.28571428571,7772.238095238095
2021-01-01,76313.43475285714,17863.176,1089.857142857143,37883.775,7972.1475
2021-02-01,79876.0632235,18584.38,1206.7,47516.45,8470.94
2021-03-01,85196.12259652175,16406.66043478261,1181.0,52414.67391304348,8988.247826086958
2021-04-01,89693.1530009091,16521.25,1208.136363636364,49020.7,9324.8175
2021-05-01,94471.27044809524,17602.1025,1212.095238095238,44214.85,10166.285
2021-06-01,96521.50791363636,17979.56590909091,1124.0,44149.36363636364,9631.5
2021-07-01,95767.61461818182,18818.51136363636,1087.045454545455,51649.02272727273,9450.820454545456
2021-08-01,103970.1406418182,19141.29666666667,1007.5,51640.5,9370.138571428572
2021-09-01,122714.9005,19376.875,975.1818181818182,51797.90909090909,9324.709545454543
2021-10-01,142293.4406904762,19362.39285714286,1017.095238095238,54779.28571428571,9829.219047619048
2021-11-01,163563.7530090909,19932.86318181818,1035.772727272727,60412.5,9728.904545454545
2021-12-01,184429.3076173913,20015.54857142857,945.2608695652174,69347.19047619047,9551.18
2022-01-01,266260.8506142857,22355.4,993.7619047619048,70527.05,9782.3375
2022-02-01,341140.047585,24015.55,1049.4,71573.6,9943.175
2022-03-01,473185.8825478261,33924.17647058824,1043.260869565217,80457.4347826087,10230.89391304348
2022-04-01,490008.1789809524,33133.80952380952,963.7142857142856,81790.38095238095,10174.34761904762
2022-05-01,453228.8572181818,28228.88681818182,958.2727272727273,77721.36363636365,9395.027272727271
2022-06-01,443656.2049090909,25877.06818181818,954.0909090909092,72057.72727272726,9067.551818181819
2022-07-01,441052.3354380952,21481.89285714286,870.0,55713.2380952381,7544.809523809524
2022-08-01,435305.331326087,22034.89130434783,908.9565217391304,49308.82608695652,7990.812173913043
2022-09-01,418813.4928227273,22773.96636363636,878.9545454545455,51515.40909090909,7746.011363636364
2022-10-01,409005.5056571429,22032.89285714286,914.6666666666669,51509.2380952381,7651.082857142857
2022-11-01,409954.0166772727,25562.69772727273,989.0,51504.59090909091,8049.861363636364
2022-12-01,421882.4549409091,28985.92045454545,1006.454545454545,51497.77272727273,8371.091363636364
2023-01-01,430097.8227818182,28271.49090909091,1052.5,48874.36363636364,9007.346363636363
2023-02-01,416103.53512,26727.95,958.85,36615.0125,8936.587
2023-03-01,354118.3082695652,23288.60826086957,970.608695652174,33865.13043478261,8856.310869565217
2023-04-01,289990.748865,23770.7995,1048.1,34498.75,8809.1575
2023-05-01,224371.317926087,22134.78260869565,1059.173913043478,33139.63043478261,8243.156086956522
2023-06-01,264872.0279454545,21233.27818181818,970.6363636363636,29350.63636363636,8396.517727272727
2023-07-01,268325.5716809524,21091.2619047619,947.0,32982.29761904762,8476.679047619047
2023-08-01,248534.4317217391,20446.35826086957,925.0434782608696,32980.65217391304,8347.828260869564
2023-09-01,207135.5084809524,19644.64285714286,922.7619047619048,32981.88095238095,8276.71380952381
2023-10-01,179183.3216590909,18264.03545454545,891.3636363636364,32982.75,7941.355909090909
2023-11-01,169803.6390409091,17027.36363636364,906.9090909090908,33003.72727272727,8189.587727272727
2023-12-01,150633.2850095238,16443.52380952381,946.6666666666669,30025.66666666667,8407.900476190476
2024-01-01,122568.0850217391,16111.66695652174,929.3478260869564,28691.42391304348,8351.339565217391
2024-02-01,121638.0524142857,16338.46428571429,894.2857142857143,28271.04761904762,8304.950476190475
2024-03-01,124285.9050285714,17397.36047619048,908.6666666666669,28282.35714285714,8692.819047619048
2024-04-01,124327.2883681818,18132.36409090909,940.2727272727273,27997.06818181818,9445.593636363636
2024-05-01,124404.9609782609,19576.54652173913,1014.95652173913,27440.23913043478,10117.16347826087
2024-06-01,121502.490755,17498.0075,984.775,26825.4,9648.167
2024-07-01,114426.5757043478,16334.8752173913,981.2173913043478,26401.21739130435,9385.31304347826
2024-08-01,107474.5133181818,16303.28772727273,944.0,25111.34090909091,8981.117727272727
2024-09-01,103653.0490190476,16167.67761904762,964.8571428571428,24080.35714285714,9259.128571428571
2024-10-01,102664.2511347826,16765.80347826087,998.9130434782608,24229.21739130435,9533.991304347826
2024-11-01,99543.68902380952,15726.94761904762,962.8571428571428,24292.2619047619,9075.727142857144
2024-12-01,96533.88027181818,15438.65636363636,935.6363636363636,24300.0,8909.907727272726
2025-01-01,91267.27120391304,15374.06086956522,947.695652173913,23779.95652173913,8976.68043478261
2025-02-01,90862.0400435,15287.031,978.25,21721.075,9330.975
2025-03-01,89546.10487428571,16048.2019047619,980.047619047619,31534.71428571429,9735.823333333332
2025-04-01,85250.20191,15146.00227272727,958.2727272727273,33313.63636363636,9172.695909090908
2025-05-01,82233.826185,15350.40318181818,1020.636363636364,33260.34090909091,9531.200909090909
2025-06-01,77075.40465857142,15003.10761904762,1239.52380952381,32964.78571428571,9835.068095238095
2025-07-01,77346.04119826086,15034.01869565217,1390.739130434783,32895.14130434783,9770.580434782609
2025-08-01,81553.94802095238,14948.05666666667,1333.666666666667,32895.97619047619,9671.875714285714
2025-09-01,84644.21118636364,15103.18363636364,1430.272727272727,33482.06818181818,9994.773181818182
2025-10-01,82990.07994478261,15092.11434782609,1617.695652173913,43145.73913043478,10739.91826086957
2025-11-01,85629.7223035,14670.7685,1563.65,48138.85,10812.028
2025-12-01,95256.61168,14879.03,1897.608695652174,51872.69318181818,11790.96409090909
2026-01-01,131371.4684090909,17710.86363636364,2414.363636363636,55500.13636363636,12986.60681818182
2026-02-01,149174.50071,17173.1035,2140.85,55858.175,12951.345
2026-03-01,155400.7472318182,17076.29272727273,2054.090909090909,55849.36363636364,12528.70954545455
