date,lithium,nickel,platinum,cobalt,copper,cobalt_norm,Copper_pink,Platinum_pink,Nickel_pink
1989-01-01,,,,,,,3394.06,526.93,17725.0
1989-02-01,,,,,,,3096.92,531.94,18523.8
1989-03-01,,,,,,,3264.14,538.03,17157.1
1989-04-01,,,,,,,3117.91,537.67,15261.3
1989-05-01,,,,,,,2738.98,516.75,13454.2
1989-06-01,,,,,,,2546.01,497.35,12142.6
1989-07-01,,,,,,,2505.0,501.91,12275.0
1989-08-01,,,,,,,2762.2,484.64,12909.7
1989-09-01,,,,,,,2884.4,477.67,11222.1
1989-10-01,,,,,,,2861.4,485.82,10424.9
1989-11-01,,,,,,,2591.3,510.19,9793.2
1989-12-01,,,,,,,2418.6,506.81,8809.2
1990-01-01,,,,,,,2366.64,497.66,7055.9
1990-02-01,,,,,,,2360.16,516.1,6976.9
1990-03-01,,,,,,,2625.61,497.06,9266.8
1990-04-01,,,,,,,2686.15,478.15,8939.5
1990-05-01,,,,,,,2741.95,488.55,8698.0
1990-06-01,,,,,,,2584.56,481.11,8422.1
1990-07-01,,,,,,,2769.49,478.79,9318.2
1990-08-01,,,,,,,2957.03,492.73,10957.4
1990-09-01,,,,,,,3031.37,461.66,10844.0
1990-10-01,,,,,,,2743.56,424.95,9145.4
1990-11-01,,,,,,,2585.89,422.24,8587.4
1990-12-01,,,,,,,2485.38,420.07,8157.6
1991-01-01,,,,,,,2448.52,407.84,8568.8
1991-02-01,,,,,,,2449.38,386.79,8672.3
1991-03-01,,,,,,,2409.63,399.99,8700.8
1991-04-01,,,,,,,2472.04,396.88,9021.0
1991-05-01,,,,,,,2305.88,389.64,8452.4
1991-06-01,,,,,,,2219.28,376.05,8280.0
1991-07-01,,,,,,,2236.28,376.03,8541.3
1991-08-01,,,,,,,2233.19,346.35,8144.7
1991-09-01,,,,,,,2324.57,349.34,7680.7
1991-10-01,,,,,,,2363.64,362.48,7443.0
1991-11-01,,,,,,,2379.84,365.11,7244.6
1991-12-01,,,,,,,2223.14,353.3,7117.8
1992-01-01,,7531.13671875,341.1869565217391,30920.0019836426,2150.57962901611,68166935.78358334,2139.23,341.19,7517.3
1992-02-01,,7888.0,362.1225,28250.0,2208.89225860596,62280589.015,2205.97,362.12,7861.9
1992-03-01,,7430.455078125,356.9386363636364,28330.0018310547,2231.78550956421,62456962.86138461,2227.33,356.94,7417.7
1992-04-01,,7417.951171875,347.3,27020.0004577637,2214.16681599274,59568904.201596215,2215.33,347.3,7420.6
1992-05-01,,7333.947265625,358.5880952380952,26500.0,2219.31505581207,58422499.43,2216.52,358.59,7326.8
1992-06-01,,7202.36328125,369.1272727272727,24750.0,2296.44193858643,54564409.845,2299.2,369.13,7192.8
1992-07-01,,7516.173828125,383.1217391304348,21669.9981689453,2527.28502240143,47774168.13861539,2520.32,383.12,7497.9
1992-08-01,,7279.75,359.552380952381,19630.0010681152,2513.46998458252,43276744.38539094,2521.64,359.55,7268.0
1992-09-01,,6918.572265625,362.1431818181818,18781.25,2419.61418178101,41405568.581875004,2414.06,362.14,6917.5
1992-10-01,,6322.5,358.0681818181818,15350.0022888184,2262.45696237183,33840962.26298082,2249.15,358.07,6305.3
1992-11-01,,5593.71484375,356.1095238095238,16312.5,2161.78909368286,35962906.48875,2158.32,356.11,5564.88
1992-12-01,,5751.1904296875,361.9717391304348,15875.0,2211.95028749237,34998384.0925,2206.82,361.97,5724.07
1993-01-01,,5948.10009765625,359.1357142857143,15505.0001144409,2264.21397077332,34182673.975398995,2256.85,359.14,5930.93
1993-02-01,,6050.75,359.0175,15958.3330154419,2212.18139313507,35182101.943336025,2212.6,359.02,6038.68
1993-03-01,,5974.9130859375,350.4586956521739,16125.0,2152.38020099945,35549539.7475,2152.59,350.46,5971.3
1993-04-01,,5987.5,368.0113636363636,15274.9996185303,1953.62060192108,33675609.67950328,1949.88,368.01,5972.33
1993-05-01,,5777.78955078125,385.1595238095238,14800.0001907349,1799.35169844818,32628415.196498476,1794.5,385.16,5762.55
1993-06-01,,5544.318359375,383.0159090909091,13687.5,1857.87070840454,30175772.111250002,1853.42,383.02,5532.43
1993-07-01,,5051.181640625,403.6454545454545,12875.0,1927.33981992645,28384516.2325,1927.16,403.65,5036.2
1993-08-01,,4740.47607421875,391.9018181818182,12175.0001907349,1951.07137548676,26841280.818998475,1947.45,391.9,4721.81
1993-09-01,,4376.04541015625,362.4613636363636,12333.3330154419,1858.24999750519,27190344.945836022,1861.86,362.46,4352.89
1993-10-01,,4464.85693359375,367.9071428571429,12216.6662216187,1646.99992897491,26933138.693170518,1646.4,367.91,4448.9
1993-11-01,,4642.27294921875,374.4136363636364,11649.9996185303,1632.56810484467,25683852.682003275,1630.02,374.41,4633.89
1993-12-01,,5139.7998046875,383.1717391304348,13399.9996185303,1723.6250736618,29541942.26700327,1724.19,383.17,5119.12
1994-01-01,,5584.0478515625,387.8,20750.0,1807.07136699066,45745919.365,1805.35,387.8,5577.95
1994-02-01,,5830.10009765625,394.0225,21166.6660308838,1865.07501472778,46664510.72167204,1866.4,394.02,5824.95
1994-03-01,,5590.4345703125,400.2826086956522,24416.6660308838,1913.17391866455,53829534.236672044,1914.87,400.28,5587.54
1994-04-01,,5400.26318359375,397.902380952381,24875.0,1881.36846713562,54839987.6725,1881.82,397.9,5407.97
1994-05-01,,6082.85693359375,398.0068181818182,23562.5,2144.50007046051,51946420.48375,2150.6,398.01,6086.65
1994-06-01,,6287.04541015625,401.0909090909091,24375.0,2363.09102303009,53737676.362500004,2364.2,401.09,6281.84
1994-07-01,,6230.5712890625,411.9509523809524,23524.9996185303,2447.23803404999,51863746.29450327,2458.19,411.95,6226.76
1994-08-01,,5856.13623046875,412.1869565217391,22437.5,2409.74997397766,49466220.03625,2406.23,412.19,5859.5
1994-09-01,,6370.681640625,417.2840909090909,25500.0,2504.84103139343,56217876.81,2505.93,417.28,6364.75
1994-10-01,,6735.85693359375,419.3952380952381,27333.3339691162,2546.02375416412,60259686.34832796,2547.67,419.4,6748.29
1994-11-01,,7474.54541015625,412.3727272727273,26687.5,2803.54541098175,58835866.17125,2802.45,412.37,7556.14
1994-12-01,,8540.650390625,410.8477272727273,29250.0,2980.69999645081,64485211.635000005,2985.3,410.85,8555.5
1995-01-01,,9596.1904296875,413.8954545454545,30375.0,3003.26189506836,66965412.0825,3008.93,413.9,9592.55
1995-02-01,,8431.25,413.9675,30000.0,2870.45015814514,66138678.6,2877.65,413.97,8505.45
1995-03-01,,7522.39111328125,416.8934782608696,28437.5,2919.67397804871,62693955.75625,2924.04,416.89,7531.91
1995-04-01,,7405.0,448.29,27937.5,2894.88882296448,61591644.44625,2903.5,448.29,7397.83
1995-05-01,,7262.380859375,437.3521739130435,29000.0,2771.57125569763,63934055.980000004,2773.31,437.35,7232.19
1995-06-01,,7877.27294921875,438.5295454545455,27850.0003814697,2987.68194348755,61398740.807996735,2994.64,438.53,7871.57
1995-07-01,,8618.0,433.6309523809524,27399.9996185303,3076.4500581665,60406658.94700327,3075.67,433.63,8596.57
1995-08-01,,8931.818359375,425.3434782608696,28812.5,3040.13619641418,63520689.23875,3036.84,425.34,8944.66
1995-09-01,,8397.25,429.65,29045.0000762939,2910.42504276428,64033264.166099265,2915.52,429.65,8405.21
1995-10-01,,8068.86376953125,412.6636363636364,29187.5,2810.06817431793,64347422.721250005,2813.55,412.66,8061.73
1995-11-01,,8498.095703125,413.125,30875.0,2981.61903664856,68067723.3925,2977.36,413.12,8505.91
1995-12-01,,8074.21044921875,408.7142857142857,31674.9992370605,2918.21064537659,69831419.80650632,2926.26,408.71,8090.89
1996-01-01,,7870.71435546875,415.4826086956522,31750.0,2604.99992943115,69996768.185,2616.41,415.48,7862.05
1996-02-01,,8198.5,420.2071428571429,31125.0,2544.66672335968,68618879.0475,2537.71,420.21,8215.55
1996-03-01,,8046.39990234375,411.1928571428571,29350.0003814697,2563.34994940033,64705674.737996735,2561.02,411.19,8021.74
1996-04-01,,8047.0,404.3931818181818,28375.0,2594.17496803894,62556166.8425,2595.78,404.39,8042.85
1996-05-01,,8042.85693359375,401.4152173913043,28500.0,2658.76193080902,62831744.67,2658.26,401.42,8026.55
1996-06-01,,7713.15771484375,392.2475,26062.5,2177.59998270721,57457977.033750005,2173.4,392.25,7709.48
1996-07-01,,7202.60888671875,393.6565217391304,22687.5,1983.93479971771,50017375.691250004,1985.57,393.66,7203.65
1996-08-01,,7037.619140625,400.0304545454545,21399.9996185303,2017.85720584564,47178923.22700327,2008.57,400.03,7054.36
1996-09-01,,7329.8095703125,389.8642857142857,22149.9996185303,1935.07143060913,48832390.19200327,1941.45,389.86,7318.05
1996-10-01,,7028.69580078125,384.1847826086957,21887.5007629395,1960.19567519531,48253679.27724368,1961.17,384.18,7031.39
1996-11-01,,6960.71435546875,381.9809523809524,21399.9996185303,2215.42864607391,47178923.22700327,2230.86,381.98,6943.38
1996-12-01,,6571.0478515625,370.7045454545455,21399.9996185303,2264.59527826385,47178923.22700327,2268.08,370.7,6580.75
1997-01-01,,7069.13623046875,360.0978260869565,21687.5,2427.27279402924,47812753.07125,2434.93,360.1,7071.55
1997-02-01,,7736.5791015625,365.0125,21687.5,2406.63156159363,47812753.07125,2405.85,365.01,7734.53
1997-03-01,,7893.21044921875,378.9047619047619,19924.9992370605,2420.1842087265,43927104.021506324,2421.29,378.9,7895.87
1997-04-01,,7313.13623046875,371.0795454545455,22468.75,2389.31814949341,49535114.493125,2391.18,371.08,7315.52
1997-05-01,,7476.0,387.5,25375.0,2513.29993523407,55942298.9825,2514.33,387.5,7482.85
1997-06-01,,7060.0,430.7619047619048,23406.25,2611.28570015411,51601948.199375,2612.62,430.76,7062.48
1997-07-01,,6832.7392578125,415.5217391304348,22562.5,2449.19570404663,49741797.86375,2450.46,415.52,6835.5
1997-08-01,,6764.4501953125,424.547619047619,23475.0003814697,2250.10004305115,51753516.84549674,2251.2,424.55,6761.3
1997-09-01,,6498.28564453125,424.7272727272727,24524.9996185303,2104.30955452118,54068368.91450327,2107.3,424.73,6503.84
1997-10-01,,6373.47802734375,423.1195652173913,23770.0004577637,2050.6955684021,52403880.686596215,2052.26,423.12,6380.33
1997-11-01,,6137.25,392.2875,25412.5003814697,1918.49994499359,56024973.17174673,1917.45,392.29,6139.5
1997-12-01,,5942.380859375,365.4239130434783,25649.9996185303,1761.45239143524,56548569.362003274,1762.33,365.42,5945.36
1998-01-01,,5489.0,373.8568181818182,24995.0008392334,1687.60000986328,55104544.237092935,1688.45,373.86,5491.75
1998-02-01,,5367.25,386.08,24668.7507629395,1663.99998604431,54385285.93911868,1664.8,386.08,5386.88
1998-03-01,,5397.04541015625,398.9886363636364,24958.3339691162,1747.15916341095,55023707.62582796,1747.98,398.99,5395.8
1998-04-01,,5391.0,413.75,24625.0,1800.12507817535,54288832.017500006,1800.9,413.75,5393.88
1998-05-01,,5016.84228515625,388.9047619047619,24500.0,1731.65792903595,54013254.190000005,1732.53,388.9,5020.0
1998-06-01,,4456.90478515625,355.4318181818182,24250.0,1656.59518632507,53462098.535000004,1660.52,355.43,4475.7
1998-07-01,,4332.619140625,378.4347826086957,22819.9996948242,1655.66672697449,50309487.51560253,1651.04,378.43,4325.43
1998-08-01,,4078.0,369.1785714285714,21787.5003814697,1619.92507875671,48033216.174246736,1620.93,369.18,4080.63
1998-09-01,,4100.9091796875,361.1477272727273,20837.4996185303,1646.77269191284,45938823.00325327,1647.64,361.15,4102.16
1998-10-01,,3870.45458984375,342.6022727272727,17750.0,1585.49992534637,39132051.505,1586.39,342.6,3871.93
1998-11-01,,4117.25,347.1785714285714,15437.5,1573.72497511139,34033861.69625,1573.95,347.18,4131.91
1998-12-01,,3865.76318359375,351.7934782608696,11468.75,1475.76309447174,25284265.673125003,1473.57,351.79,3878.21
1999-01-01,,4264.0,355.1071428571429,10937.5,1432.00002842255,24113059.90625,1431.18,355.11,4268.75
1999-02-01,,4623.25,364.075,18083.3333333333,1412.95,39866925.71166659,1410.78,364.07,4626.38
1999-03-01,,5002.95454545455,369.9347826086957,18525.0,1378.47727272727,40840634.035500005,1378.35,369.93,5011.3
1999-04-01,,5054.75,357.1454545454545,16350.0,1463.725,36045579.837000005,1466.0,357.15,5102.63
1999-05-01,,5395.78947368421,356.0119047619048,16112.5,1510.44736842105,35521981.96475,1511.16,356.01,5399.34
1999-06-01,,5194.77272727273,356.7840909090909,20581.25,1422.15909090909,45373889.297875,1422.48,356.78,5195.0
1999-07-01,,5696.36363636364,349.0568181818182,20100.0,1639.18181818182,44312914.662,1640.0,349.06,5700.11
1999-08-01,,6431.42857142857,350.0568181818182,19000.0,1646.7380952381,41887829.78,1647.62,350.06,6448.69
1999-09-01,,7029.09090909091,370.9318181818182,18350.0,1749.68181818182,40454825.077,1750.34,370.93,7028.41
1999-10-01,,7317.61904761905,421.1428571428571,15666.6666666667,1723.28571428571,34539087.71333341,1724.12,421.14,7321.19
1999-11-01,,7946.81818181818,434.0227272727273,14000.0,1726.77272727273,30864716.68,1727.55,434.02,7949.55
1999-12-01,,8073.23529411765,439.1304347826087,14200.0,1764.88235294118,31305641.204,1764.75,439.13,8083.38
2000-01-01,,8315.25,441.0,14437.5,1843.85,31829239.07625,1843.98,441.0,8309.5
2000-02-01,,9583.75,519.7142857142857,14093.75,1807.025,31071400.050625,1800.83,519.71,9653.33
2000-03-01,,10255.4,479.3260869565217,15225.0,1739.8,33565379.3895,1739.39,479.33,10280.11
2000-04-01,,9746.5,497.55,16218.75,1681.9075,35756223.118125,1678.75,497.55,9727.5
2000-05-01,,10122.9130434783,525.8913043478261,16543.4782608696,1785.09782608696,36472126.38739138,1785.62,525.89,10130.24
2000-06-01,,8384.31818181818,559.7272727272727,14977.2727272727,1752.07272727273,33019234.240454488,1753.18,559.73,8410.91
2000-07-01,,8174.80952380952,560.2857142857143,13071.4285714286,1803.14285714286,28817567.104285777,1799.36,560.29,8164.41
2000-08-01,,8038.4347826087,577.6086956521739,13934.7826086957,1857.12391304348,30720936.94391315,1855.86,577.61,8006.71
2000-09-01,,8624.80952380952,591.9047619047619,15029.7619047619,1961.89285714286,33134953.06845237,1960.41,591.9,8637.98
2000-10-01,,7650.63636363636,579.7159090909091,16681.8181818182,1894.37272727273,36777113.70636368,1898.59,579.72,7678.07
2000-11-01,,7350.59090909091,593.3409090909091,16000.0,1795.60227272727,35273961.92,1795.11,593.34,7339.77
2000-12-01,,7318.8,609.5,16000.0,1852.4,35273961.92,1850.55,609.5,7314.34
2001-01-01,,6975.90909090909,620.4660869565217,13500.0,1787.05681818182,29762405.37,1787.5,620.47,6994.77
2001-02-01,,6546.8,600.925,13900.0,1766.125,30644254.418,1765.65,600.92,6524.13
2001-03-01,,6165.18181818182,584.2272727272727,14272.7272727273,1742.15909090909,31465977.394545514,1738.77,584.23,6133.52
2001-04-01,,6363.11111111111,594.8571428571429,14119.0476190476,1665.97222222222,31127171.75380948,1664.16,594.86,6329.87
2001-05-01,,7086.47619047619,610.695652173913,10908.6956521739,1684.85,24049557.189478233,1682.21,610.7,7060.83
2001-06-01,,6674.33333333333,579.7209523809524,10814.2857142857,1610.46904761905,23841418.90485711,1608.45,579.72,6641.19
2001-07-01,,5962.54545454546,530.8409090909091,10293.1818181818,1526.77045454545,22692581.468136325,1525.21,530.84,5937.05
2001-08-01,,5525.63636363636,451.695652173913,9681.52173913044,1466.41136363636,21344101.82210871,1464.43,451.7,5520.8
2001-09-01,,5057.65,457.9,9312.5,1427.69736842105,20530548.14875,1426.33,457.9,5027.0
2001-10-01,,4830.78260869565,431.3913043478261,8250.0,1377.37608695652,18188136.615000002,1377.28,431.39,4825.33
2001-11-01,,5131.31818181818,429.8863636363636,8250.0,1434.29318181818,18188136.615000002,1427.73,429.89,5078.41
2001-12-01,,5315.82352941176,461.7261904761905,7592.85714285714,1472.84705882353,16739384.607571423,1471.74,461.73,5263.82
2002-01-01,,6061.36363636364,472.1086956521739,6950.0,1508.22727272727,15322127.209,1503.96,472.11,6043.18
2002-02-01,,6039.95,471.15,6950.0,1561.3675,15322127.209,1561.9,471.15,6029.25
2002-03-01,,6543.2,512.047619047619,6765.47619047619,1607.3925,14915321.844595237,1604.88,512.05,6537.5
2002-04-01,,6956.80952380952,539.2045454545455,6625.0,1588.57142857143,14605624.8575,1590.33,539.2,6958.21
2002-05-01,,6771.18181818182,533.85,6684.78260869565,1597.02272727273,14737422.94891304,1595.68,533.85,6761.36
2002-06-01,,7147.61111111111,554.7,6706.25,1650.59444444444,14784750.445375001,1647.53,554.7,7119.86
2002-07-01,,7137.69565217391,526.195652173913,6788.04347826087,1588.2847826087,14965074.197717393,1589.46,526.2,7142.72
2002-08-01,,6736.85714285714,544.8409090909091,6613.63636363636,1482.91666666667,14580572.327727266,1479.55,544.84,6717.14
2002-09-01,,6664.95238095238,556.3333333333333,6685.71428571429,1478.93333333333,14739476.945142867,1478.71,556.33,6640.24
2002-10-01,,6818.91304347826,580.195652173913,6188.04347826087,1486.17173913043,13642300.625717392,1483.76,580.2,6804.46
2002-11-01,,7314.80952380952,588.0952380952381,6185.71428571429,1581.03571428571,13637165.635142867,1582.29,588.1,7313.93
2002-12-01,,7206.33333333333,595.4431818181818,6551.13636363636,1592.96428571429,14442783.413977265,1595.68,595.44,7193.16
2003-01-01,,8032.806818181818,627.9130434782609,13724.79941847259,1650.311363636364,30258003.25292752,1647.66,627.91,8026.02
2003-02-01,,8607.9,681.7,14426.48275862072,1682.145,31804950.216695238,1683.8,681.7,8623.0
2003-03-01,,8339.619047619048,674.3333333333333,16688.6440762303,1655.692857142857,36792162.22758632,1658.976,674.33,8378.81
2003-04-01,,7930.525,624.9090909090909,16924.45673031254,1587.8675,37312040.138858266,1587.475,624.91,7910.125
2003-05-01,,8347.725,650.365,17937.8873373231,1651.1,39546272.178874075,1648.275,650.36,8330.625
2003-06-01,,8839.02380952381,661.6666666666667,19538.03055182364,1685.107142857143,43073984.104801476,1686.5,661.67,8874.762
2003-07-01,,8831.7,681.5217391304348,19581.4002089864,1712.826086956522,43169597.832004145,1710.0,681.52,8797.391
2003-08-01,,9359.875,692.1904761904761,19234.4429516843,1756.725,42404688.01438278,1760.275,692.19,9351.375
2003-09-01,,9995.772727272728,705.25,18828.77894936826,1789.670454545455,41510351.978757106,1789.523,705.25,9965.341
2003-10-01,,11040.28260869565,732.4782608695652,19552.09740584253,1925.582608695652,43104996.209363766,1920.543,732.48,11047.17
2003-11-01,,12052.375,760.375,25581.50553814,2053.275,56397565.763038725,2055.425,760.38,12086.5
2003-12-01,,14185.20952380952,807.8695652173913,34005.50706464947,2202.035714285714,74969310.07929604,2201.286,807.87,14162.5
2004-01-01,,15089.33333333333,849.9318181818182,49222.58953168045,2421.47619047619,108517234.29651794,2423.571,849.93,15326.548
2004-02-01,,15099.35,846.325,49818.7251828631,2751.7175,109831488.43770362,2759.525,846.32,15145.125
2004-03-01,,13786.54347826087,899.7608695652174,50171.15078824217,3000.282608695652,110608453.89918953,3008.717,899.76,13715.0
2004-04-01,,12725.9,880.6363636363636,48601.61489503182,2926.975,107148219.56611608,2948.725,880.64,12848.125
2004-05-01,,11228.60526315789,809.8333333333333,46839.22973578146,2728.460526315789,103262825.37888044,2733.5,809.83,11118.289
2004-06-01,,13599.36363636364,807.5454545454545,46214.58839175455,2689.045454545455,101885726.9424515,2686.705,807.55,13533.523
2004-07-01,,15020.06818181818,809.5227272727273,45381.65441246316,2816.795454545455,100049421.8507391,2808.432,809.52,15023.295
2004-08-01,,13639.61904761905,848.6818181818182,43829.21782084165,2844.202380952381,96626885.02473462,2846.095,848.68,13679.524
2004-09-01,,13430.36363636364,847.8863636363636,42959.85332953358,2903.170454545455,94710264.40217204,2894.864,847.89,13270.909
2004-10-01,,14378.47619047619,841.4285714285714,40463.89013285568,3009.404761904762,89207607.48008844,3012.238,841.43,14404.286
2004-11-01,,14089.51227272727,854.4090909090909,31063.63522371045,3130.309090909091,68483592.87362082,3122.795,854.41,14045.455
2004-12-01,,13764.97619047619,848.2391304347826,32403.3565035664,3139.785714285714,71437172.7116866,3145.452,848.24,13768.81
2005-01-01,,14563.75,859.0714285714286,34645.41692789969,3168.1,76380069.83857857,3170.0,859.07,14505.0
2005-02-01,,15415.6,864.325,33487.83740856842,3247.1,73828043.84581213,3253.7,864.32,15349.5
2005-03-01,,16239.90476190476,866.8260869565217,30406.80605151969,3378.904761904762,67035532.423133194,3379.49,866.83,16190.65
2005-04-01,,16138.33333333333,864.8571428571429,32460.4536000398,3389.809523809524,71563050.26210818,3394.476,864.86,16141.905
2005-05-01,,17002.25,866.2272727272727,29070.72062315948,3241.9,64089968.26551788,3249.1,866.23,16931.5
2005-06-01,,16113.18181818182,880.0909090909091,26714.32886862356,3529.727272727273,58895013.70188651,3524.068,880.09,16159.545
2005-07-01,,14587.59523809524,873.6666666666667,25135.31850524957,3608.47619047619,55413891.73757779,3614.214,873.67,14580.714
2005-08-01,,14962.0,898.4347826086957,29046.20562446048,3791.909090909091,64035921.9448568,3797.75,898.43,14892.727
2005-09-01,,14154.54545454545,914.6363636363636,29206.50707704,3850.659090909091,64389326.15323247,3857.841,914.64,14228.182
2005-10-01,,12431.11904761905,931.0,25262.82529730807,4056.166666666667,55694996.0955536,4059.762,931.0,12402.857
2005-11-01,,12235.04545454545,962.6136363636364,25066.67616604921,4278.159090909091,55262561.28388696,4269.341,962.61,12115.682
2005-12-01,,13490.45,976.5909090909092,26867.5026123302,4577.025,59232704.002052255,4576.775,976.59,13429.25
2006-01-01,,14660.80952380952,1026.045454545455,25742.29657072292,4743.857142857143,56752049.31056418,4734.333,1026.05,14555.238
2006-02-01,,14974.5,1041.5,23816.44723093,4974.975,52506278.29334465,4982.4,1041.5,14978.75
2006-03-01,,14925.47826086957,1041.086956521739,25487.89496161008,5123.673913043478,56191189.76854961,5102.848,1041.09,14897.391
2006-04-01,,18028.88888888889,1098.75,28037.83281086733,6404.444444444444,61812840.430616304,6387.778,1098.75,17942.222
2006-05-01,,21131.33333333333,1260.826086956522,28344.52228431243,8059.190476190476,62488974.98108926,8045.857,1260.83,21077.143
2006-06-01,,20585.90909090909,1188.545454545455,26557.01529400588,7222.772727272727,58548196.63685132,7197.614,1188.55,20754.545
2006-07-01,,26185.71428571429,1228.833333333333,26079.90963825447,7726.738095238095,57496358.716051824,7712.095,1228.83,26586.19
2006-08-01,,30468.86363636364,1233.521739130435,31604.26114215622,7690.25,69675469.00238465,7695.659,1233.52,30743.636
2006-09-01,,29702.61904761905,1183.595238095238,35804.25416728862,7622.642857142857,78934868.62943377,7602.357,1183.6,30130.714
2006-10-01,,32551.13636363636,1082.454545454545,34671.08387954783,7497.409090909091,76436655.7807685,7500.386,1082.45,32702.955
2006-11-01,,31891.59090909091,1183.0,35271.3593616415,7029.295454545455,77760036.68682362,7029.182,1183.0,32113.864
2006-12-01,,34400.52631578947,1121.190476190476,52650.76379559133,6680.973684210526,116075064.82403772,6675.105,1121.19,34570.263
2007-01-01,,36821.59090909091,1146.652173913043,47696.25187406296,5689.340909090909,105152235.7707766,5669.659,1146.65,36811.136
2007-02-01,,41078.25,1204.55,48680.27168234065,5718.15,107321628.09863366,5676.45,1204.55,41184.25
2007-03-01,,46125.22727272727,1218.772727272727,55929.11560748545,6465.295454545455,123302593.38485748,6452.477,1218.77,46324.773
2007-04-01,,49956.57894736842,1275.809523809524,57833.43782654124,7753.342105263158,127500905.22475645,7766.474,1275.81,50266.842
2007-05-01,,51783.33333333333,1300.652173913043,54685.36640770517,7677.952380952381,120560595.76541497,7681.42,1300.65,52179.048
2007-06-01,,41551.66666666667,1286.238095238095,52152.01273821962,7514.238095238095,114975506.96120712,7474.38,1286.24,41718.571
2007-07-01,,33400.22727272727,1303.022727272727,49984.31841930273,7980.931818181818,110196559.03247744,7972.57,1303.02,33425.682
2007-08-01,,27649.63636363636,1263.608695652174,46381.58557085091,7500.204545454545,102253892.70096354,7513.5,1263.61,27652.273
2007-09-01,,29548.4,1307.65,52218.5851619645,7671.35,115122274.0324633,7648.975,1307.65,29537.5
2007-10-01,,31156.0,1410.695652173913,54467.57530325743,8020.586956521739,120080448.57011469,8008.435,1410.7,31055.435
2007-11-01,,30505.63636363636,1448.727272727273,59468.67103638259,6957.431818181818,131105977.34814791,6966.705,1448.73,30610.227
2007-12-01,,26053.55555555556,1492.904761904762,72600.80609046132,6630.736111111111,160057379.3372648,6587.667,1492.9,25991.944
2008-01-01,,27774.77272727273,1583.304347826087,83037.80836854283,7078.909090909091,183067030.64451483,7061.023,1583.3,27689.545
2008-02-01,,28064.95238095238,1999.666666666667,91011.22555605305,7941.142857142857,200645406.53479663,7887.69,1999.67,27955.476
2008-03-01,,31093.05263157895,2025.190476190476,95022.91884360838,8434.315789473683,209489676.30104327,8439.289,2025.19,31225.263
2008-04-01,,28776.81818181818,1988.409090909091,92483.822551534,8714.181818181818,203891927.18117797,8684.932,1988.41,28763.182
2008-05-01,,25656.5,2052.454545454545,88923.56796808192,8356.125,196042909.39354083,8382.75,2052.45,25735.0
2008-06-01,,22562.57142857143,2039.238095238095,84657.57078170871,8292.0,186637995.4996061,8260.595,2039.24,22549.048
2008-07-01,,20106.95652173913,1904.434782608696,74009.37712961705,8407.021739130436,163162746.9120644,8414.043,1904.43,20160.217
2008-08-01,,19111.8,1485.547619047619,50482.28093745333,7633.8,111294378.46390443,7634.7,1485.55,18927.75
2008-09-01,,17781.86363636364,1223.181818181818,58288.81922675023,6975.113636363636,128504849.36038448,6990.864,1223.18,17794.545
2008-10-01,,12144.86956521739,912.5652173913044,62763.4364635863,4894.891304347826,138369691.7365552,4925.696,912.57,12139.783
2008-11-01,,10776.5,840.3,41394.16927899687,3729.1875,91258521.9285856,3717.0,840.3,10701.5
2008-12-01,,9846.928571428572,839.695652173913,27996.05651719594,3105.095238095238,61720739.46860859,3071.976,839.7,9686.429
2009-01-01,,11562.95238095238,947.4090909090908,30717.54535955163,3260.357142857143,67720595.33054356,3220.69,947.41,11306.905
2009-02-01,,10410.75,1033.25,30601.63009404391,3328.4125,67465045.91420193,3314.725,1033.25,10408.75
2009-03-01,,9710.727272727272,1081.772727272727,26494.91783034102,3770.875,58411295.16381113,3749.75,1081.77,9696.364
2009-04-01,,11331.6,1165.454545454545,29165.10876793005,4436.925,64298058.50453892,4406.55,1165.45,11166.0
2009-05-01,,12720.07894736842,1128.666666666667,29794.95447081653,4591.460526315789,65686630.58823226,4568.632,1128.67,12634.737
2009-06-01,,14944.36363636364,1217.863636363636,27447.07893986892,5015.431818181818,60510451.08376064,5013.955,1217.86,14960.455
2009-07-01,,16017.39130434783,1162.260869565217,31916.29639725593,5228.413043478261,70363388.98401493,5215.543,1162.26,15984.565
2009-08-01,,19375.925,1244.571428571429,35064.367816092,6176.875,77303698.44335644,6165.3,1244.57,19641.75
2009-09-01,,17404.63636363636,1288.704545454545,35726.74076185047,6195.75,78763980.82245159,6196.432,1288.7,17473.182
2009-10-01,,18489.47727272727,1332.772727272727,32312.20822646528,6305.988636363636,71236225.15821545,6287.977,1332.77,18525.227
2009-11-01,,16911.33333333333,1400.619047619048,37960.59352142108,6682.440476190476,83688783.14595036,6675.595,1400.62,16991.19
2009-12-01,,17121.61904761905,1437.478260869565,37856.0537912862,6976.97619047619,83458312.49220632,6981.714,1437.48,17066.429
2010-01-01,,18405.55,1557.904761904762,40702.42324725084,7367.375,89733482.97970305,7386.25,1557.9,18439.25
2010-02-01,,19060.55,1520.35,41508.01462904912,6867.675,91509507.9624926,6848.175,1520.35,18976.0
2010-03-01,,22467.17391304348,1599.434782608696,37414.13584117035,7466.934782608696,82484050.18319687,7462.826,1599.43,22461.304
2010-04-01,,26028.5,1710.5,42039.98290111145,7729.8375,92682297.24820353,7745.075,1710.5,26030.75
2010-05-01,,21930.0,1624.857142857143,40474.34561128526,6843.157894736842,89230657.8643372,6837.684,1624.86,22008.158
2010-06-01,,19411.29545454545,1553.227272727273,38947.72727272727,6501.5,85865040.54304546,6499.295,1553.23,19388.636
2010-07-01,,19548.52272727273,1525.590909090909,38062.5,6750.568181818182,83913448.47375001,6735.25,1525.59,19517.5
2010-08-01,,21448.78571428571,1540.590909090909,38464.7619047619,7302.666666666667,84800284.16815238,7283.952,1540.59,21413.333
2010-09-01,,22690.13636363636,1591.75,41186.36363636364,7729.590909090909,90800388.90827274,7709.295,1591.75,22643.409
2010-10-01,,23793.67857142857,1688.690476190476,38897.61904761905,8289.761904761905,85754570.81652382,8292.405,1688.69,23807.381
2010-11-01,,22836.22727272727,1692.772727272727,37104.77272727273,8458.420454545456,81802021.26450455,8469.886,1692.77,22909.318
2010-12-01,,24099.57142857143,1711.391304347826,37616.66666666667,9152.857142857143,82930554.22233334,9147.262,1711.39,24111.19
2011-01-01,,25621.225,1785.428571428571,39212.5,9533.2,86448764.48675,9555.7,1785.43,25646.25
2011-02-01,,28412.175,1825.9,39777.75,9880.9375,87694927.42270501,9867.6,1825.9,28252.25
2011-03-01,,26710.34782608696,1770.173913043478,38264.13043478261,9503.358695652174,84357967.49115218,9503.36,1770.17,26710.35
2011-04-01,,26332.16666666667,1797.904761904762,37023.61111111111,9482.75,81623090.52963889,9492.79,1797.9,26408.33
2011-05-01,,24164.55,1786.545454545455,38157.5,8931.675,84122887.62265,8959.9,1786.55,24236.73
2011-06-01,,22420.93181818182,1768.5,36019.31818181818,9066.852272727272,79409003.62061363,9066.85,1768.5,22420.93
2011-07-01,,23847.95238095238,1759.761904761905,35113.09523809524,9650.464285714286,77411124.02011904,9650.46,1759.76,23847.95
2011-08-01,,21864.68181818182,1804.695652173913,35931.36363636364,8997.988636363636,79215097.04017274,9000.76,1804.7,21845.09
2011-09-01,,20377.59090909091,1748.113636363636,34529.54545454545,8300.136363636364,76124616.96740907,8300.14,1748.11,20377.59
2011-10-01,,19039.04761904762,1535.190476190476,30607.19047619048,7394.190476190476,67477304.45845811,7394.19,1535.19,19039.05
2011-11-01,,17873.0,1596.977272727273,28690.90909090909,7581.022727272727,63252627.17018182,7581.02,1596.98,17873.0
2011-12-01,,18246.0375,1454.590909090909,30808.75,7558.875,67921667.143925,7565.48,1454.59,18266.76
2012-01-01,,19908.61904761905,1499.318181818182,33006.66666666667,8061.916666666667,72767243.94413334,8040.47,1499.32,19854.77
2012-02-01,,20393.66666666667,1657.761904761905,31772.61904761905,8441.488095238095,70046634.64902382,8441.49,1657.76,20393.67
2012-03-01,,18660.80681818182,1655.409090909091,31142.72727272727,8470.784090909092,68657960.99394545,8470.78,1655.41,18660.81
2012-04-01,,17892.81578947368,1585.809523809524,30795.65789473684,8285.526315789473,67892803.99251842,8289.48,1585.81,17939.79
2012-05-01,,16968.31818181818,1470.695652173913,30516.81818181818,7896.909090909091,67278067.65406364,7955.64285714286,1470.7,17068.1904761905
2012-06-01,63643.21697331381,16603.68421052632,1443.857142857143,28831.90789473684,7428.289473684211,63563476.32249342,7423.02380952381,1443.86,16549.1428571429
2012-07-01,63568.83181793182,16128.40909090909,1425.818181818182,28394.07954545455,7584.261363636364,62598230.03998843,7584.26136363636,1425.82,16128.4090909091
2012-08-01,63682.97770550009,15703.98863636364,1453.260869565217,29050.36363636364,7510.431818181818,64045088.79195274,7515.53260869565,1453.26,15735.2065217391
2012-09-01,64069.57020512695,17287.9625,1623.65,29221.25,8087.7425,64421828.734675005,8087.74,1623.65,17287.96
2012-10-01,64650.80208309504,17168.73913043478,1635.826086956522,26896.73913043478,8062.032608695652,59297159.49119565,8062.03,1635.83,17168.74
2012-11-01,64970.67068237064,16335.36363636364,1576.363636363636,23563.40909090909,7711.227272727273,51948424.68613181,7711.22727272727,1576.36,16335.3636363636
2012-12-01,64966.88593049752,17448.5,1579.904761904762,23976.0,7966.486842105263,52858031.937120005,7966.48684210526,1582.25,17448.5
2013-01-01,65091.61180381326,17494.06818181818,1638.891304347826,25518.09090909091,8053.738636363636,56257760.43739819,8047.36,1638.89130434783,17472.5
2013-02-01,64976.62540666475,17690.1,1674.55,25441.325,8060.925,56088520.57777151,8060.925,1674.55,17690.1
2013-03-01,65155.51269425376,16731.7,1582.952380952381,25316.975,7652.375,55814375.7549745,7645.58333333333,1582.95238095238,16724.9285714286
2013-04-01,65464.67141115809,15629.30952380952,1493.068181818182,26209.45238095238,7221.161904761905,57781951.57686048,7234.27954545454,1493.06818181818,15672.9545454545
2013-05-01,65950.2012685351,14948.22619047619,1475.173913043478,27984.38095238095,7248.714285714286,61694999.25431619,7249.41304347826,1475.17391304348,14947.9565217391
2013-06-01,66020.6709760695,14280.275,1430.225,30047.5375,7000.2375,66243480.84779825,7000.2375,1430.23,14280.275
2013-07-01,66023.44333103017,13750.3152173913,1401.478260869565,29290.04347826087,6906.641304347826,64573492.3929574,6906.64130434783,1401.47826086957,13750.3152173913
2013-08-01,66157.08673385964,14308.2619047619,1496.090909090909,26803.42857142857,7186.25,59091444.92212571,7192.92045454545,1496.09090909091,14314.9318181818
2013-09-01,66172.35332436905,13801.39285714286,1456.857142857143,28680.42857142857,7159.269047619048,63229521.57986571,7159.26904761905,1456.86,13801.3928571429
2013-10-01,66349.80294230478,14117.65217391304,1413.478260869565,27037.95652173913,7203.021739130435,59608490.5464026,7203.02173913043,1413.48,14117.652173913
2013-11-01,66467.28749175138,13684.0119047619,1420.095238095238,26172.47619047619,7070.654761904762,57700433.03093524,7070.65476190476,1420.1,13684.0119047619
2013-12-01,66673.81818459182,13924.55,1355.0,26587.775,7214.9,58616010.180470504,7214.9,1355.66666666667,13924.55
2014-01-01,66925.97396344891,14101.25,1420.304347826087,28134.56818181818,7291.465909090909,62026105.41756864,7291.47,1420.95,14101.25
2014-02-01,66601.1971131601,14203.55,1410.5,31081.85,7149.2125,68523749.581447,7149.21,1409.53,14203.55
2014-03-01,65609.67415863957,15678.09523809524,1451.619047619048,30699.42857142857,6650.035714285714,67680654.64964572,6650.04,1451.62,15678.1
2014-04-01,62763.45206152614,17373.6,1432.0,29771.85,6673.5625,65635693.949247,6673.56,1430.33,17373.6
2014-05-01,62513.26777269941,19401.075,1456.204545454545,29993.225,6891.125,66123742.2817495,6891.13,1456.27,19401.08
2014-06-01,62586.78725218371,18628.80952380952,1452.761904761905,30458.59523809524,6821.142857142857,67149708.03532906,6821.14,1452.76,18628.81
2014-07-01,62910.21247075713,19117.65217391304,1492.652173913043,31697.19565217391,7113.380434782609,69880354.52534826,7113.38,1492.18,19117.65
2014-08-01,63367.33947414548,18600.2,1446.333333333333,32341.5565,7001.8375,71300927.02590802,7001.84,1446.33,18600.2
2014-09-01,63527.23188765873,18034.79545454545,1362.363636363636,32350.73863636364,6872.215909090909,71321170.17143524,6872.22,1359.48,18034.8
2014-10-01,63666.21034636748,15812.36956521739,1259.760869565217,31142.42391304348,6737.478260869565,68657292.20032457,6737.48,1259.76,15812.37
2014-11-01,63660.2571965017,15807.05,1208.85,30752.1375,6712.85,67796857.94585025,6712.85,1208.32,15807.05
2014-12-01,62990.88620867148,15962.04761904762,1212.347826086957,30945.21428571429,6446.452380952381,68222519.39503287,6446.45,1215.32,15962.05
2015-01-01,62721.332383483,14849.19047619048,1241.772727272727,30749.47619047619,5830.535714285714,67790990.76267524,5830.54,1242.45,14849.19
2015-02-01,62376.58007806205,14573.8375,1197.6,29155.375,5729.275,64276599.219582506,5729.27,1197.16,14573.84
2015-03-01,62504.8522794935,13755.5,1138.636363636364,27568.78409090909,5939.670454545455,60778765.01271431,5939.67,1138.64,13755.5
2015-04-01,62879.05216442636,12830.925,1150.454545454545,28827.275,6042.0875,63553262.53796051,6042.09,1151.29,12830.92
2015-05-01,62865.928170524,13511.34210526316,1139.809523809524,30066.57894736842,6294.776315789474,66285460.053384215,6294.78,1140.4,13511.34
2015-06-01,65774.04402044808,12825.22727272727,1088.772727272727,30650.38636363636,5833.011363636364,67572535.08901227,5833.01,1088.82,12825.23
2015-07-01,66036.930135774,11413.09782608696,1012.434782608696,31579.86956521739,5456.75,69621694.78012782,5456.75,1009.27,11413.1
2015-08-01,64690.82054201086,10386.0,984.095238095238,29243.95,5127.3,64471873.668149,5127.3,984.1,10386.0
2015-09-01,64377.953626147,9937.545454545456,965.3636363636364,27714.30681818182,5217.25,61099587.70898387,5217.25,964.38,9937.55
2015-10-01,66928.62550855718,10316.82954545455,976.9090909090908,27499.04545454545,5216.090909090909,60625017.63749908,5216.09,976.91,10316.83
2015-11-01,69058.99003943695,9244.333333333332,883.5238095238095,24413.70238095238,4799.904761904762,53823000.50699548,4799.9,885.2,9244.33
2015-12-01,72882.47516935048,8707.785714285714,859.9130434782609,23951.17857142857,4638.833333333333,52803310.05423071,4638.83,859.82,8707.79
2016-01-01,72300.73827338257,8507.2875,854.7619047619048,23134.6,4471.7875,51003062.464652,4471.79,855.25,8507.29
2016-02-01,72545.63401810687,8298.5,920.2380952380952,22275.88095238095,4598.619047619048,49109911.02804619,4598.62,919.35,8298.5
2016-03-01,78006.30430669061,8717.25,967.4347826086956,22982.52380952381,4953.797619047619,50667791.85516477,4953.8,967.73,8717.25
2016-04-01,81775.70621802637,8878.857142857143,994.190476190476,23000.5,4872.738095238095,50707422.57131,4872.74,994.19,8878.86
2016-05-01,103004.9361784896,8660.35,1032.863636363636,23413.625,4694.5375,51618207.2911975,4694.54,1035.86,8660.35
2016-06-01,106175.680628503,8928.352272727274,984.1363636363636,23692.72727272727,4641.965909090909,52233522.47494545,4641.97,984.14,8928.35
2016-07-01,104821.5470943987,10262.85714285714,1086.47619047619,25085.52380952381,4864.904761904762,55304113.22502477,4864.9,1087.5,10262.86
2016-08-01,105275.5106989647,10335.98863636364,1121.739130434783,26296.59090909091,4751.670454545455,57974059.14706819,4751.67,1121.65,10335.99
2016-09-01,104905.3343891721,10191.78409090909,1045.954545454545,26625.0,4722.204545454545,58698077.2575,4722.2,1046.71,10191.78
2016-10-01,111785.5400678893,10259.7380952381,959.1428571428572,28205.66666666667,4731.261904761905,62182850.74551335,4731.26,959.14,10259.74
2016-11-01,116946.2363305109,11128.90909090909,953.2727272727273,29258.40909090909,5450.931818181818,64503750.50703181,5450.93,955.14,11128.91
2016-12-01,115548.9336889213,10972.275,917.5,31589.375,5660.35,69642650.6766625,5660.35,918.38,10972.27
2017-01-01,116016.211055313,9971.464285714286,968.4090909090908,34720.38095238095,5754.559523809524,76545337.22263618,5754.56,971.15,9971.46
2017-02-01,116384.7304306754,10643.3,1007.35,43005.0,5940.9125,94809795.7731,5940.91,1007.63,10643.3
2017-03-01,115996.7948326595,10204.66304347826,962.2608695652174,52765.21739130435,5824.630434782609,116327391.81008697,5824.63,962.87,10204.66
2017-04-01,116089.7759779202,9609.277777777776,961.4,55305.55555555556,5683.902777777778,121927878.78944446,5683.9,960.84,9609.28
2017-05-01,116156.845178383,9155.119047619048,931.7826086956522,54941.94047619048,5599.559523809524,121126244.76050311,5599.56,930.27,9155.12
2017-06-01,117521.6780900759,8931.761363636364,930.7272727272727,57449.45454545455,5719.761363636364,126654366.99757093,5719.76,930.73,8931.76
2017-07-01,118117.0270504819,9491.392857142857,918.3809523809524,58548.90476190476,5985.119047619048,129078239.81432097,5985.12,918.9,9491.39
2017-08-01,119918.1825591873,10889.97727272727,972.4782608695652,58465.13636363636,6485.625,128893562.10865727,6485.63,972.7,10889.98
2017-09-01,121812.6703788118,11215.78571428571,966.1428571428572,60128.5,6577.166666666667,132560651.20667,6577.17,964.1,11215.79
2017-10-01,123644.6015980743,11335.77272727273,921.0,59905.86363636364,6807.602272727273,132069822.04336274,6807.6,921.0,11335.77
2017-11-01,132143.8435163116,11972.0,934.0,62118.04545454545,6826.545454545455,136946848.1192791,6826.55,934.05,11972.0
2017-12-01,138042.4449578921,11495.10526315789,906.8571428571428,72632.05263157895,6833.894736842105,160126266.16860947,6833.89,907.2,11495.11
2018-01-01,141477.9736157397,12864.875,987.891304347826,77293.52272727274,7065.852272727273,170403048.5840296,7065.85,990.12,12864.88
2018-02-01,143975.769873261,13595.875,988.25,80792.6,7006.525,178117193.48861203,7006.52,987.26,13595.88
2018-03-01,143979.278202447,13392.5,953.7272727272727,87614.90476190476,6799.178571428571,193157800.88724098,6799.18,954.57,13392.5
2018-04-01,144462.5660482278,13938.1,924.095238095238,90782.5,6851.5125,200141153.00015,6851.51,924.05,13938.1
2018-05-01,143941.6006324498,14366.4880952381,904.304347826087,90250.0,6825.27380952381,198967191.455,6825.27,904.73,14366.49
2018-06-01,144682.2120577029,15105.65476190476,884.9047619047619,81188.09523809524,6965.857142857143,178989111.23661906,6965.86,884.9,15105.65
2018-07-01,136396.4919756645,13793.86363636364,832.1136363636364,70647.72727272726,6250.75,155751577.59704545,6250.75,832.0,13793.86
2018-08-01,131186.0037557343,13411.35227272727,804.5869565217391,63302.29545454545,6051.045454545455,139557672.45701408,6051.05,804.91,13411.35
2018-09-01,128398.3391524536,12510.35,803.975,62210.325,6050.7625,137150289.6925515,6050.76,804.79,12510.35
2018-10-01,124993.6411995054,12314.91304347826,829.8695652173913,60626.78260869565,6219.586956521739,133659176.31695305,6219.59,829.87,12314.91
2018-11-01,120330.2824370434,11239.71590909091,846.1363636363636,54962.93181818182,6195.920454545455,121172522.74788138,6195.92,846.19,11239.72
2018-12-01,119539.9373180435,10835.07894736842,790.9047619047619,55263.15789473684,6075.315789473684,121834407.94736843,6075.32,791.16,10835.08
2019-01-01,117410.3413847597,11523.09090909091,806.2173913043478,40704.54545454545,5939.102272727273,89738161.64590909,5939.1,806.77,11523.09
2019-02-01,117155.2072497673,12685.225,817.9473684210526,32100.0,6300.4875,70768386.102,6300.49,818.15,12685.23
2019-03-01,116143.3212919558,13026.27380952381,842.8095238095239,31333.33333333333,6439.464285714286,69078175.42666666,6439.46,842.81,13026.27
2019-04-01,112608.0442018642,12772.7875,886.6363636363636,33500.0,6438.3625,73854857.77,6438.36,887.29,12772.79
2019-05-01,108327.7889676546,12016.30952380952,831.8260869565217,34166.66666666667,6017.904761904762,75324606.18333335,6017.9,833.55,12016.31
2019-06-01,105147.6575770884,11943.9375,808.2,28809.0,5882.225,63512973.059580006,5882.23,808.2,11943.94
2019-07-01,98557.47690484308,13546.30434782609,843.6086956521739,27340.32608695652,5941.195652173913,60275101.32948043,5941.2,843.95,13546.3
2019-08-01,92297.52448187856,15748.64285714286,858.7727272727273,30136.57142857143,5709.440476190476,66439767.060674295,5709.44,859.14,15748.64
2019-09-01,90613.0381339729,17656.88095238095,943.904761904762,35720.42857142857,5759.25,78750064.82466573,5759.25,944.7,17656.88
2019-10-01,89768.31076106695,17046.21739130435,897.2608695652174,35263.08695652174,5757.297826086957,77741799.1553748,5757.3,897.26,17046.22
2019-11-01,85586.30509997181,15171.80952380952,901.2380952380952,35510.16666666667,5859.952380952381,78286516.67330335,5859.95,901.8,15171.81
2019-12-01,83369.60877103482,13829.425,925.2272727272727,33547.4625,6077.0625,73959494.67110176,6077.06,924.25,13829.42
2020-01-01,84515.02925086957,13506.86363636364,986.6521739130436,32213.02272727273,6031.209090909091,71017558.56311956,6031.21,987.36,13506.86
2020-02-01,84090.140102,12715.55,961.1,33542.075,5687.75,73947617.26673649,5687.75,961.1,12715.55
2020-03-01,84763.64251363635,11846.22727272727,759.0,31119.04545454545,5182.631818181818,68605751.52189907,5182.63,759.0,11846.23
2020-04-01,80179.88385136364,11804.0095,752.5454545454545,29565.0,5057.972,65179667.7603,5057.97,753.86,11804.01
2020-05-01,76716.06809857143,12179.60526315789,793.7142857142857,29562.59210526316,5239.826315789474,65174359.26109659,5239.83,790.22,12179.61
2020-06-01,72682.34472545455,12727.15227272727,820.7727272727273,29074.34090909091,5754.595454545455,64097949.62977319,5754.6,820.77,12727.15
2020-07-01,67930.88594652174,13402.30391304348,862.1739130434783,28517.02173913043,6372.460869565217,62869271.18111868,6372.46,864.64,13402.3
2020-08-01,68554.15717047619,14575.78285714286,940.2380952380952,32914.88095238095,6508.392857142857,72564891.08222619,6498.94,940.33,14537.75
2020-09-01,69236.40839954546,14857.48863636364,907.1818181818182,33482.10227272727,6704.9,73815400.03560795,6704.9,907.62,14857.49
2020-10-01,69367.46173454545,15239.36363636364,876.2727272727273,33227.875,6713.811363636364,73254924.83953251,6713.81,876.27,15239.36
2020-11-01,70408.86870095239,15807.73333333333,913.7619047619048,32238.88095238095,7068.907142857143,71074566.19110619,7068.91,911.55,15807.73
2020-12-01,71683.13575304348,16823.03857142857,1025.521739130435,31882.28571428571,7772.238095238095,70288408.26301713,7772.24,1028.0,16823.04
2021-01-01,76313.43475285714,17863.176,1089.857142857143,37883.775,7972.1475,83519427.29599051,7972.15,1090.95,17863.18
2021-02-01,79876.0632235,18584.38,1206.7,47516.45,8470.94,104755840.492099,8470.94,1206.7,18584.38
2021-03-01,85196.12259652175,16406.66043478261,1181.0,52414.67391304348,8988.247826086958,115554575.72861958,8988.25,1181.0,16406.66
2021-04-01,89693.1530009091,16521.25,1208.136363636364,49020.7,9324.8175,108072144.068234,9324.82,1208.81,16521.25
2021-05-01,94471.27044809524,17602.1025,1212.095238095238,44214.85,10166.285,97477058.449907,10161.97,1214.0,17577.06
2021-06-01,96521.50791363636,17979.56590909091,1124.0,44149.36363636364,9631.5,97332685.73133273,9631.5,1124.0,17979.57
2021-07-01,95767.61461818182,18818.51136363636,1087.045454545455,51649.02272727273,9450.820454545456,113866603.80543955,9450.82,1086.48,18818.51
2021-08-01,103970.1406418182,19141.29666666667,1007.5,51640.5,9370.138571428572,113847814.40811001,9370.14,1008.73,19141.3
2021-09-01,122714.9005,19376.875,975.1818181818182,51797.90909090909,9324.709545454543,114194842.05052182,9324.71,973.19,19376.88
2021-10-01,142293.4406904762,19362.39285714286,1017.095238095238,54779.28571428571,9829.219047619048,120767652.39315714,9829.22,1017.1,19362.39
2021-11-01,163563.7530090909,19932.86318181818,1035.772727272727,60412.5,9728.904545454545,133186764.03075,9728.9,1038.05,19932.86
2021-12-01,184429.3076173913,20015.54857142857,945.2608695652174,69347.19047619047,9551.18,152884384.7572581,9551.18,944.59,20015.55
2022-01-01,266260.8506142857,22355.4,993.7619047619048,70527.05,9782.3375,155485529.75187102,9782.34,994.15,22355.4
2022-02-01,341140.047585,24015.55,1049.4,71573.6,9943.175,157792777.554832,9943.17,1049.4,24015.55
2022-03-01,473185.8825478261,33924.17647058824,1043.260869565217,80457.4347826087,10230.89391304348,177378280.66891393,10230.89,1043.26,33924.18
2022-04-01,490008.1789809524,33133.80952380952,963.7142857142856,81790.38095238095,10174.34761904762,180316923.9460362,10161.38,965.0,33132.74
2022-05-01,453228.8572181818,28228.88681818182,958.2727272727273,77721.36363636365,9395.027272727271,171346276.32997274,9377.15,958.38,28062.55
2022-06-01,443656.2049090909,25877.06818181818,954.0909090909092,72057.72727272726,9067.55181818182,158860095.49124545,9024.46,956.59,25658.63
2022-07-01,441052.3354380952,21481.89285714286,870.0,55713.2380952381,7544.809523809524,122826664.93820763,7544.81,869.25,21481.89
2022-08-01,435305.331326087,22034.89130434783,908.9565217391304,49308.82608695652,7990.812173913043,108707353.35695043,7981.84,908.65,22057.39
2022-09-01,418813.4928227273,22773.96636363636,878.9545454545455,51515.40909090909,7746.011363636364,113572036.16037181,7746.01,881.24,22773.97
2022-10-01,409005.5056571429,22032.89285714286,914.6666666666669,51509.2380952381,7651.082857142857,113558431.44372763,7651.08,914.67,22032.89
2022-11-01,409954.0166772727,25562.69772727273,989.0,51504.59090909091,8049.861363636364,113548186.15202819,8049.86,989.05,25562.7
2022-12-01,421882.4549409091,28985.92045454545,1006.454545454545,51497.77272727273,8371.091363636364,113533154.63416456,8375.4,1010.95,28946.81
2023-01-01,430097.8227818182,28271.49090909091,1052.5,48874.36363636364,9007.346363636363,107749527.61083274,9037.95,1053.25,28194.61
2023-02-01,416103.53512,26727.95,958.85,36615.0125,8936.587,80722284.78908275,8936.59,958.85,26727.95
2023-03-01,354118.3082695652,23288.60826086957,970.608695652174,33865.13043478261,8856.310869565217,74659832.58577217,8856.31,970.61,23288.61
2023-04-01,289990.748865,23770.7995,1048.1,34498.75,8809.1575,76056724.611725,8809.42,1050.74,23894.56
2023-05-01,224371.317926087,22134.78260869565,1059.173913043478,33139.63043478261,8243.156086956522,73060378.87496218,8217.47,1062.73,21970.39
2023-06-01,264872.0279454545,21233.27818181818,970.6363636363636,29350.63636363636,8396.517727272727,64707076.838667266,8396.52,970.64,21233.28
2023-07-01,268325.5716809524,21091.2619047619,947.0,32982.29761904762,8476.679047619047,72713519.39052452,8476.68,950.42,21091.26
2023-08-01,248534.4317217391,20446.35826086957,925.0434782608696,32980.65217391304,8347.828260869564,72709891.80496086,8349.13,925.0,20438.65
2023-09-01,207135.5084809524,19644.64285714286,922.7619047619048,32981.88095238095,8276.71380952381,72712600.79776618,8276.71,920.9,19644.64
2023-10-01,179183.3216590909,18264.03545454545,891.3636363636364,32982.75,7941.355909090909,72714516.719805,7937.18,891.9,18281.23
2023-11-01,169803.6390409091,17027.36363636364,906.9090909090908,33003.72727272727,8189.587727272727,72760763.68976545,8189.59,905.75,17027.36
2023-12-01,150633.2850095238,16443.52380952381,946.6666666666669,30025.66666666667,8407.900476190476,66195263.91391335,8399.94,935.47,16460.84
2024-01-01,122568.0850217391,16111.66695652174,929.3478260869564,28691.42391304348,8351.339565217391,63253762.15870457,8338.88,925.86,16103.83
2024-02-01,121638.0524142857,16338.46428571429,894.2857142857143,28271.04761904762,8304.950476190475,62326991.07204953,8304.95,894.29,16338.46
2024-03-01,124285.9050285714,17397.36047619048,908.6666666666669,28282.35714285714,8692.819047619048,62351924.30406143,8689.13,908.75,17438.83
2024-04-01,124327.2883681818,18132.36409090909,940.2727272727273,27997.06818181818,9445.593636363636,61722969.807318635,9464.43,940.18,18163.95
2024-05-01,124404.9609782609,19576.54652173913,1014.95652173913,27440.23913043478,10117.16347826087,60495371.88516565,10139.33,1014.68,19586.98
2024-06-01,121502.490755,17498.0075,984.775,26825.4,9648.167,59139883.63054801,9648.17,985.08,17498.01
2024-07-01,114426.5757043478,16334.8752173913,981.2173913043478,26401.21739130435,9385.31304347826,58204721.05640697,9385.31,978.8,16334.88
2024-08-01,107474.5133181818,16303.28772727273,944.0,25111.34090909091,8981.117727272727,55361030.18671319,8971.96,945.36,16292.12
2024-09-01,103653.0490190476,16167.67761904762,964.8571428571428,24080.35714285714,9259.128571428571,53088100.054821424,9237.48,966.7,16076.74
2024-10-01,102664.2511347826,16765.80347826087,998.9130434782608,24229.21739130435,9533.991304347826,53416280.725766964,9533.99,998.91,16765.8
2024-11-01,99543.68902380952,15726.94761904762,962.8571428571428,24292.2619047619,9075.727142857144,53555270.086202376,9075.73,965.53,15723.06
2024-12-01,96533.88027181818,15438.65636363636,935.6363636363636,24300.0,8909.907727272726,53572329.666,8916.32,937.88,15444.89
2025-01-01,91267.27120391304,15374.06086956522,947.695652173913,23779.95652173913,8976.68043478261,52425830.050442606,8991.41,949.23,15394.14
2025-02-01,90862.0400435,15287.031,978.25,21721.075,9330.975,47886773.275716506,9330.6,978.25,15288.09
2025-03-01,89546.10487428571,16048.2019047619,980.047619047619,31534.71428571429,9735.823333333332,69522144.42952287,9739.68,980.05,16065.69
2025-04-01,85250.20191,15146.00227272727,958.2727272727273,33313.63636363636,9172.695909090908,73443996.28172727,9176.8,958.81,15113.29
2025-05-01,82233.826185,15350.40318181818,1020.636363636364,33260.34090909091,9531.200909090909,73326499.91709319,9532.98,979.5,15345.79
2025-06-01,77075.40465857142,15003.10761904762,1239.52380952381,32964.78571428571,9835.068095238095,72674912.24916714,9835.07,1251.48,15003.11
2025-07-01,77346.04119826086,15034.01869565217,1390.739130434783,32895.14130434783,9770.580434782609,72521372.60766153,9770.58,1390.99,15034.02
2025-08-01,81553.94802095238,14948.05666666667,1333.666666666667,32895.97619047619,9671.875714285714,72523213.21650524,9669.56,1342.53,14949.25
2025-09-01,84644.21118636364,15103.18363636364,1430.272727272727,33482.06818181818,9994.773181818182,73815324.87801863,9983.79,1434.91,15105.64
2025-10-01,82990.07994478261,15092.11434782609,1617.695652173913,43145.73913043478,10739.91826086957,95120072.44357565,10739.91,1615.55,15092.12
2025-11-01,85629.7223035,14670.7685,1563.65,48138.85,10812.028,106127997.610787,10812.03,1564.79,14670.77
2025-12-01,95256.61168,14879.03,1897.608695652174,51872.69318181818,11790.96409090909,114359712.74895613,11785.25,1893.43,14883.99
2026-01-01,131371.4684090909,17710.86363636364,2414.363636363636,55500.13636363636,12986.60681818182,122356856.04035728,13012.0,2433.83,17768.5
2026-02-01,149174.50071,17173.1035,2140.85,55858.175,12951.345,123146196.11691852,12951.35,2137.33,17173.1
2026-03-01,155400.7472318182,17076.29272727273,2054.090909090909,55849.36363636364,12528.70954545455,123126770.38533273,12528.71,2046.01,17076.29
